stock_id,t,state,characteristic_1,characteristic_2,characteristic_3,alpha,beta_mkt,beta_smb,beta_hml,MKT,SMB,HML,epsilon,raw_return,return,price
stock_000,t_0,0,-0.7859644327305179,-0.7804047497277934,-0.7924107439016883,0.002,0.9214035567269482,-0.7804047497277934,-0.7924107439016883,0.03677493586637572,-0.01939650708179433,0.007219858035633242,0.019379957405517158,0.06468054728908151,0.06468054728908151,106.46805472890814
stock_000,t_1,0,-1.0508074637121585,-0.9933334079390626,-1.0080658349876537,0.002,0.8949192536287841,-0.9933334079390626,-1.0080658349876537,0.028141286046694865,-0.03833694047478696,-0.004848022064030657,-0.00723665074168683,0.0629160171051682,0.0629160171051682,113.1666006813861
stock_000,t_2,0,-1.169903535609162,-1.0933809884834993,-1.141827059815494,0.002,0.8830096464390838,-1.0933809884834993,-1.141827059815494,0.04663203775421203,-0.008354754843248241,-0.020507779003152822,-0.009795003658024184,0.06593280262362056,0.06593280262362056,120.62799182769801
stock_000,t_3,0,-1.2197024843616417,-1.206642898344941,-1.2248404249586722,0.002,0.8780297515638358,-1.206642898344941,-1.2248404249586722,-0.002680841741897172,-0.008251509233456192,-0.011838986304358954,0.018172027197842226,0.04227566242251084,0.04227566242251084,125.72762008891118
stock_000,t_4,0,-1.2549293212847548,-1.3717472331155518,-1.3153265492045751,0.002,0.8745070678715245,-1.3717472331155518,-1.3153265492045751,0.03035205976090399,-0.022019639970113847,-0.018953884281215756,0.0006217117554230558,0.08430072994963114,0.08430072994963114,136.32655023723632
stock_000,t_5,0,-1.3439264180926584,-1.4299683724197092,-1.371470792056575,0.002,0.8656073581907342,-1.4299683724197092,-1.371470792056575,0.029018446206091692,-0.00657714054463508,0.011789596252289439,0.005571518290236122,0.025926114899123966,0.025926114899123966,139.86096804248808
stock_000,t_6,0,-1.2838556930861642,-1.4814293090144055,-1.333359313561285,0.002,0.8716144306913836,-1.4814293090144055,-1.333359313561285,0.00861349934033309,-0.019092786530038056,0.003918662229358516,0.0002797044373058492,0.0328469835372287,0.0328469835372287,144.45497895728056
stock_000,t_7,0,-1.435478386802955,-1.4830221526585103,-1.3569183699085348,0.002,0.8564521613197045,-1.4830221526585103,-1.3569183699085348,-0.0710774633182835,-0.015411980856126993,-0.014797925293029965,0.006731662532108694,-0.009206898855325527,-0.009206898855325527,143.1249965768727
stock_000,t_8,0,-1.397887611540364,-1.4212908044404604,-1.334396106328552,0.002,0.8602112388459636,-1.4212908044404604,-1.334396106328552,-0.010740255777159327,-0.030313515578389016,0.011300181379832871,0.008499317948722985,0.029265832128901808,0.029265832128901808,147.3136687001411
stock_000,t_9,0,-1.4295504518361428,-1.4515801304461733,-1.3158789162381297,0.002,0.8570449548163857,-1.4515801304461733,-1.3158789162381297,-0.010362331347963792,0.011368619268523405,-0.002205243123954651,-0.03873933865410831,-0.0592209513648214,-0.0592209513648214,138.58961309067664
stock_001,t_0,0,-0.8364782594928969,-0.9015411794002752,-0.06799723284020884,0.002,0.9163521740507103,-0.9015411794002752,-0.06799723284020884,0.03677493586637572,-0.01939650708179433,0.007219858035633242,0.013331453372190672,0.06602606530676396,0.06602606530676396,106.6026065306764
stock_001,t_1,0,-1.0988780058304797,-1.056172121966953,-0.03565265718190183,0.002,0.8901121994169521,-1.056172121966953,-0.03565265718190183,0.028141286046694865,-0.03833694047478696,-0.004848022064030657,-0.019640388396606014,0.04807176626047482,0.04807176626047482,111.72718211457644
stock_001,t_2,0,-1.1728415825457457,-1.2121470380587116,-0.013661845703633338,0.002,0.8827158417454254,-1.2121470380587116,-0.013661845703633338,0.04663203775421203,-0.008354754843248241,-0.020507779003152822,-0.028845982711188226,0.024724221196740823,0.024724221196740823,114.48954967886577
stock_001,t_3,0,-1.2248116050166944,-1.306456367121377,0.018526314546083014,0.002,0.8775188394983305,-1.306456367121377,0.018526314546083014,-0.002680841741897172,-0.008251509233456192,-0.011838986304358954,-0.0011682248771736489,0.009040189980826414,0.009040189980826414,115.52455695878197
stock_001,t_4,0,-1.3358430997248503,-1.3709798694227995,-0.010862169184945784,0.002,0.866415690027515,-1.3709798694227995,-0.010862169184945784,0.03035205976090399,-0.022019639970113847,-0.018953884281215756,0.0016796200662890853,0.06037148429652727,0.06037148429652727,122.49894593508235
stock_001,t_5,0,-1.440048393556495,-1.361918566277685,-0.03522455038237819,0.002,0.8559951606443506,-1.361918566277685,-0.03522455038237819,0.029018446206091692,-0.00657714054463508,0.011789596252289439,-0.013870123291445616,0.02151177282396686,0.02151177282396686,125.13411543121325
stock_001,t_6,0,-1.4352818086880605,-1.3564022685461405,0.0038959128132508188,0.002,0.856471819131194,-1.3564022685461405,0.0038959128132508188,0.00861349934033309,-0.019092786530038056,0.003918662229358516,0.01662063715335949,0.05191062233106088,0.05191062233106088,131.62990523809432
stock_001,t_7,0,-1.3930100691088723,-1.3875706036255568,-0.022865555394036192,0.002,0.8606989930891128,-1.3875706036255568,-0.022865555394036192,-0.0710774633182835,-0.015411980856126993,-0.014797925293029965,-0.02684350332741814,-0.06429623007668686,-0.06429623007668686,123.16659856593333
stock_001,t_8,0,-1.410239637575151,-1.5031609583940937,-0.10168935935150876,0.002,0.8589760362424849,-1.5031609583940937,-0.10168935935150876,-0.010740255777159327,-0.030313515578389016,0.011300181379832871,-0.008138874975451179,0.029052487612888523,0.029052487612888523,126.74489464509173
stock_001,t_9,0,-1.4960177411651123,-1.53688943261225,-0.042111629975074505,0.002,0.8503982258834888,-1.53688943261225,-0.042111629975074505,-0.010362331347963792,0.011368619268523405,-0.002205243123954651,-0.011697482698660014,-0.03588903532772986,-0.03588903532772986,122.19614264356463
stock_002,t_0,0,-0.8793287433216036,-0.8476897532423633,0.9029536978671638,0.002,0.9120671256678397,-0.8476897532423633,0.9029536978671638,0.03677493586637572,-0.01939650708179433,0.007219858035633242,-0.0009317454067867874,0.05757088245875864,0.05757088245875864,105.75708824587586
stock_002,t_1,0,-1.092939521422728,-1.006747405499511,1.030902842813064,0.002,0.8907060478577272,-1.006747405499511,1.030902842813064,0.028141286046694865,-0.03833694047478696,-0.004848022064030657,0.005577285692944776,0.06624067499918146,0.06624067499918146,112.76250915723068
stock_002,t_2,0,-1.222736942396831,-1.2113871368693172,1.1497448632744578,0.002,0.8777263057603168,-1.2113871368693172,1.1497448632744578,0.04663203775421203,-0.008354754843248241,-0.020507779003152822,-0.020157858992470894,0.009314436218374057,0.009314436218374057,113.81282835659954
stock_002,t_3,0,-1.2443605243104965,-1.3910408643565972,1.273399579741149,0.002,0.8755639475689503,-1.3910408643565972,1.273399579741149,-0.002680841741897172,-0.008251509233456192,-0.011838986304358954,0.014485653549124565,0.01054083152260289,0.01054083152260289,115.01251020541739
stock_002,t_4,0,-1.294570204661886,-1.439825559173596,1.2409462555684396,0.002,0.8705429795338113,-1.439825559173596,1.2409462555684396,0.03035205976090399,-0.022019639970113847,-0.018953884281215756,0.0012600473666939946,0.03786650861145789,0.03786650861145789,119.3676324135362
stock_002,t_5,0,-1.3371428625673938,-1.4676561760066655,1.320575638800768,0.002,0.8662857137432606,-1.4676561760066655,1.320575638800768,0.029018446206091692,-0.00657714054463508,0.011789596252289439,-0.03783892506623821,0.014521374859994128,0.014521374859994128,121.10101454996315
stock_002,t_6,0,-1.3678317319373996,-1.3578697809250777,1.3440128275721175,0.002,0.86321682680626,-1.3578697809250777,1.3440128275721175,0.00861349934033309,-0.019092786530038056,0.003918662229358516,-0.03917182880794062,0.0014557389262917636,0.0014557389262917636,121.27730601085695
stock_002,t_7,0,-1.4505004753166215,-1.3718588195039216,1.3868081389601823,0.002,0.8549499524683378,-1.3718588195039216,1.3868081389601823,-0.0710774633182835,-0.015411980856126993,-0.014797925293029965,-0.0002463858585862247,-0.05839288111671801,-0.05839288111671801,114.19557469880914
stock_002,t_8,0,-1.361274054441378,-1.3416015579226745,1.4228375538730893,0.002,0.8638725945558622,-1.3416015579226745,1.4228375538730893,-0.010740255777159327,-0.030313515578389016,0.011300181379832871,-0.004419346355727082,0.045049423178748306,0.045049423178748306,119.34001946855616
stock_002,t_9,0,-1.297029961913722,-1.4433667959091094,1.3864593180525233,0.002,0.8702970038086277,-1.4433667959091094,1.3864593180525233,-0.010362331347963792,0.011368619268523405,-0.002205243123954651,-0.00206840227149267,-0.02855327564139515,-0.02855327564139515,115.93247099762102
stock_003,t_0,0,-0.8805945564843315,-0.023388588189346075,-0.9076011688533785,0.002,0.9119405443515669,-0.023388588189346075,-0.9076011688533785,0.03677493586637572,-0.01939650708179433,0.007219858035633242,-0.0005596491306043596,0.028877811226223914,0.028877811226223914,102.8877811226224
stock_003,t_1,0,-1.0342774049059513,-0.028535944149001354,-1.1781891374248554,0.002,0.8965722595094049,-0.028535944149001354,-1.1781891374248554,0.028141286046694865,-0.03833694047478696,-0.004848022064030657,0.004511196790203615,0.038547760932658374,0.038547760932658374,106.85387471222893
stock_003,t_2,0,-1.2332150580613208,0.000262467150160834,-1.215535345252493,0.002,0.8766784941938679,0.000262467150160834,-1.215535345252493,0.04663203775421203,-0.008354754843248241,-0.020507779003152822,0.018952992196965994,0.08676003421878539,0.08676003421878539,116.1245205386717
stock_003,t_3,0,-1.1817859342383514,0.1750023516080443,-1.2652334084175607,0.002,0.8818214065761648,0.1750023516080443,-1.2652334084175607,-0.002680841741897172,-0.008251509233456192,-0.011838986304358954,-0.022222098018351163,-0.009051074180096447,-0.009051074180096447,115.07346888914806
stock_003,t_4,0,-1.3275331444568401,-0.014171248298649727,-1.3063390277307843,0.002,0.8672466855543159,-0.014171248298649727,-1.3063390277307843,0.03035205976090399,-0.022019639970113847,-0.018953884281215756,-0.023439431858015895,0.029955535918483153,0.029955535918483153,118.52055631972138
stock_003,t_5,0,-1.4116730096155659,-0.034132747004903444,-1.3858461759685983,0.002,0.8588326990384434,-0.034132747004903444,-1.3858461759685983,0.029018446206091692,-0.00657714054463508,0.011789596252289439,-0.02186647715774765,-0.01105855768889136,-0.01105855768889136,117.20988991034024
stock_003,t_6,0,-1.426034909435101,0.041772528294071375,-1.3913771003328683,0.002,0.8573965090564899,0.041772528294071375,-1.3913771003328683,0.00861349934033309,-0.019092786530038056,0.003918662229358516,0.005778333343374138,0.008913626753128644,0.008913626753128644,118.25465512077632
stock_003,t_7,0,-1.436440781355137,-0.034987081778402304,-1.504876091898626,0.002,0.8563559218644863,-0.034987081778402304,-1.504876091898626,-0.0710774633182835,-0.015411980856126993,-0.014797925293029965,0.02489894757292891,-0.011160394833025715,-0.011160394833025715,116.93488647878517
stock_003,t_8,0,-1.4628649824252389,-0.02596855620506073,-1.3720936649193138,0.002,0.8537135017574761,-0.02596855620506073,-1.3720936649193138,-0.010740255777159327,-0.030313515578389016,0.011300181379832871,-0.00862678876479021,-0.030513599184717355,-0.030513599184717355,113.36678222206109
stock_003,t_9,0,-1.443045767288032,0.04208480912809398,-1.421818618109903,0.002,0.8556954232711969,0.04208480912809398,-1.421818618109903,-0.010362331347963792,0.011368619268523405,-0.002205243123954651,-0.05003399688319309,-0.05328709448900201,-0.05328709448900201,107.32579578588
stock_004,t_0,0,-0.8960966259850214,-0.05790700573394231,-0.043513563872145194,0.002,0.9103903374014979,-0.05790700573394231,-0.043513563872145194,0.03677493586637572,-0.01939650708179433,0.007219858035633242,-0.03407985725220751,0.002208720912123298,0.002208720912123298,100.22087209121233
stock_004,t_1,0,-0.9547546229441541,-0.08692275448052567,0.02202553570728632,0.002,0.9045245377055846,-0.08692275448052567,0.02202553570728632,0.028141286046694865,-0.03833694047478696,-0.004848022064030657,-0.016660734455920232,0.014019321477250473,0.014019321477250473,101.62590071578943
stock_004,t_2,0,-1.1747661355989218,-0.0006054096398870404,0.0374136561760879,0.002,0.8825233864401079,-0.0006054096398870404,0.0374136561760879,0.04663203775421203,-0.008354754843248241,-0.020507779003152822,-0.011154577749904295,0.031237073182107708,0.031237073182107708,104.80039641364615
stock_004,t_3,0,-1.2729962619987845,-0.0028392678340526177,-0.014968385211306293,0.002,0.8727003738001216,-0.0028392678340526177,-0.014968385211306293,-0.002680841741897172,-0.008251509233456192,-0.011838986304358954,-0.008167772545094529,-0.008306705383083195,-0.008306705383083195,103.92985039660766
stock_004,t_4,0,-1.300683238210285,-0.029144532912581,-0.08326579621338398,0.002,0.8699316761789715,-0.029144532912581,-0.08326579621338398,0.03035205976090399,-0.022019639970113847,-0.018953884281215756,0.0007716224596183413,0.0313958030707498,0.0313958030707498,107.19281151283204
stock_004,t_5,0,-1.4221203592958624,-0.008588671329850481,0.0406227078459265,0.002,0.8577879640704138,-0.008588671329850481,0.0406227078459265,0.029018446206091692,-0.00657714054463508,0.011789596252289439,-0.006234926616448942,0.021192161497767557,0.021192161497767557,109.46445888581172
stock_004,t_6,0,-1.4147787367279046,-0.012700935930995767,0.043554328476004794,0.002,0.8585221263272096,-0.012700935930995767,0.043554328476004794,0.00861349934033309,-0.019092786530038056,0.003918662229358516,0.020986792210868143,0.030794842940035108,0.030794842940035108,112.83539970471622
stock_004,t_7,0,-1.3412460743707286,0.004907341726684132,0.0036546796593788893,0.002,0.8658753925629271,0.004907341726684132,0.0036546796593788893,-0.0710774633182835,-0.015411980856126993,-0.014797925293029965,-0.013520346113627376,-0.07319428610003874,-0.07319428610003874,104.57649317651699
stock_004,t_8,0,-1.3054326257373803,0.028915158430041495,0.0945209012983558,0.002,0.869456737426262,0.028915158430041495,0.0945209012983558,-0.010740255777159327,-0.030313515578389016,0.011300181379832871,-0.01724635918951086,-0.02439296371330732,-0.02439296371330732,102.02556257319728
stock_004,t_9,0,-1.3375371404959828,-0.054673288923703045,-0.02065096611080862,0.002,0.8662462859504017,-0.054673288923703045,-0.02065096611080862,-0.010362331347963792,0.011368619268523405,-0.002205243123954651,0.009577510770409232,0.002025160321535502,0.002025160321535502,102.23218069430285
stock_005,t_0,0,-0.725944324066125,0.10341994324699783,0.8142288472030439,0.002,0.9274055675933875,0.10341994324699783,0.8142288472030439,0.03677493586637572,-0.01939650708179433,0.007219858035633242,-0.030712841398522386,0.009265069895578348,0.009265069895578348,100.92650698955782
stock_005,t_1,0,-0.9948550499111405,0.15490962064508074,0.9628260097593693,0.002,0.9005144950088859,0.15490962064508074,0.9628260097593693,0.028141286046694865,-0.03833694047478696,-0.004848022064030657,0.007793834106400044,0.024528907454861772,0.024528907454861772,103.40212393924715
stock_005,t_2,0,-1.2003394035795907,0.13929086110064515,1.1021605989720147,0.002,0.8799660596420409,0.13929086110064515,1.1021605989720147,0.04663203775421203,-0.008354754843248241,-0.020507779003152822,0.002051063674525337,0.021319067204076732,0.021319067204076732,105.60656076855224
stock_005,t_3,0,-1.2805279243299383,0.0807324858039486,1.2366588622597456,0.002,0.8719472075670062,0.0807324858039486,1.2366588622597456,-0.002680841741897172,-0.008251509233456192,-0.011838986304358954,-0.0029488497983633484,-0.018593354454648065,-0.018593354454648065,103.64298055144621
stock_005,t_4,0,-1.247894239135637,0.05791121018667132,1.3424645880654462,0.002,0.8752105760864363,0.05791121018667132,1.3424645880654462,0.03035205976090399,-0.022019639970113847,-0.018953884281215756,0.031765522142985246,0.03360986339936943,0.03360986339936943,107.12640697008382
stock_005,t_5,0,-1.4341415815000254,0.034719182505529286,1.3220081660249678,0.002,0.8565858418499974,0.034719182505529286,1.3220081660249678,0.029018446206091692,-0.00657714054463508,0.011789596252289439,-0.01244414890589436,0.029770230843459845,0.029770230843459845,110.31558483501364
stock_005,t_6,0,-1.5053208116004344,-0.030121673387131002,1.3392579014741803,0.002,0.8494679188399565,-0.030121673387131002,1.3392579014741803,0.00861349934033309,-0.019092786530038056,0.003918662229358516,0.04120596341048157,0.0563460608028285,0.0563460608028285,116.5314334856269
stock_005,t_7,0,-1.4235043749989216,-0.09916265076600898,1.3723555255138822,0.002,0.8576495625001078,-0.09916265076600898,1.3723555255138822,-0.0710774633182835,-0.015411980856126993,-0.014797925293029965,-0.004508628984561986,-0.08224790596988807,-0.08224790596988807,106.9469671017648
stock_005,t_8,0,-1.4543280097493136,-0.0841161086596235,1.4521965611022998,0.002,0.8545671990250686,-0.0841161086596235,1.4521965611022998,-0.010740255777159327,-0.030313515578389016,0.011300181379832871,-0.025540328899404562,-0.013758659685831924,-0.013758659685831924,105.47552017697976
stock_005,t_9,0,-1.413026280116818,0.025568415817809338,1.4346574239615009,0.002,0.8586973719883182,0.025568415817809338,1.4346574239615009,-0.010362331347963792,0.011368619268523405,-0.002205243123954651,0.001398391619896506,-0.008372805910961796,-0.008372805910961796,104.59239411818017
stock_006,t_0,0,-0.8667565567002421,0.81156847098717,-0.8104501925237266,0.002,0.9133243443299758,0.81156847098717,-0.8104501925237266,0.03677493586637572,-0.01939650708179433,0.007219858035633242,-0.021524904006375363,-0.00753038874827742,-0.00753038874827742,99.24696112517226
stock_006,t_1,0,-1.0527973603479348,0.9624562218076584,-1.02136323824275,0.002,0.8947202639652065,0.9624562218076584,-1.02136323824275,0.028141286046694865,-0.03833694047478696,-0.004848022064030657,-0.015035116956270005,-0.019802573446888693,-0.019802573446888693,97.28161588811052
stock_006,t_2,0,-1.1706245844178234,1.2766449864270133,-1.0512754281808874,0.002,0.8829375415582177,1.2766449864270133,-1.0512754281808874,0.04663203775421203,-0.008354754843248241,-0.020507779003152822,0.007940666000309822,0.0620071110419826,0.0620071110419826,103.3137678468281
stock_006,t_3,0,-1.3121005809051145,1.312576239484608,-1.271135548427797,0.002,0.8687899419094886,1.312576239484608,-1.271135548427797,-0.002680841741897172,-0.008251509233456192,-0.011838986304358954,0.011111641773002497,0.015000774820889169,0.015000774820889169,104.86355441419599
stock_006,t_4,0,-1.3883077984261338,1.3721108558804158,-1.253886889224774,0.002,0.8611692201573866,1.3721108558804158,-1.253886889224774,0.03035205976090399,-0.022019639970113847,-0.018953884281215756,-0.012443354005085163,0.009247545583911361,0.009247545583911361,105.83328491373224
stock_006,t_5,0,-1.4461450992416034,1.3526232699182024,-1.4438638197804226,0.002,0.8553854900758396,1.3526232699182024,-1.4438638197804226,0.029018446206091692,-0.00657714054463508,0.011789596252289439,0.019748102900928013,0.02065109590146967,0.02065109590146967,108.01885823005328
stock_006,t_6,0,-1.4497542697397365,1.315460260735258,-1.4702778484992391,0.002,0.8550245730260263,1.315460260735258,-1.4702778484992391,0.00861349934033309,-0.019092786530038056,0.003918662229358516,0.023150155160422677,0.0016375845376079834,0.0016375845376079834,108.19574824206089
stock_006,t_7,0,-1.494951922020884,1.3493934162227643,-1.5611443050059033,0.002,0.8505048077979116,1.3493934162227643,-1.5611443050059033,-0.0710774633182835,-0.015411980856126993,-0.014797925293029965,0.028726035131265818,-0.0274208178481065,-0.0274208178481065,105.22893233757576
stock_006,t_8,0,-1.559741464037034,1.5048605472664949,-1.591989153130279,0.002,0.8440258535962966,1.5048605472664949,-1.591989153130279,-0.010740255777159327,-0.030313515578389016,0.011300181379832871,0.010588268142514443,-0.06008416523560961,-0.06008416523560961,98.90633977943807
stock_006,t_9,0,-1.5796390863313505,1.5883741674225007,-1.360488919380257,0.002,0.842036091366865,1.5883741674225007,-1.360488919380257,-0.010362331347963792,0.011368619268523405,-0.002205243123954651,0.027268574241713976,0.04160094725609027,0.04160094725609027,103.02093720389541
stock_007,t_0,0,-0.8952939977295205,0.8029050625927181,0.02049333305643057,0.002,0.910470600227048,0.8029050625927181,0.02049333305643057,0.03677493586637572,-0.01939650708179433,0.007219858035633242,-0.037615968559481155,-0.017559065405154648,-0.017559065405154648,98.24409345948453
stock_007,t_1,0,-0.9782192398598528,0.9626768659795724,-0.001396004269846712,0.002,0.9021780760140147,0.9626768659795724,-0.001396004269846712,0.028141286046694865,-0.03833694047478696,-0.004848022064030657,-0.006358130972569252,-0.015868997518413676,-0.015868997518413676,96.68505818417718
stock_007,t_2,0,-1.0892022513451998,1.1518259273547193,-0.02347676704920632,0.002,0.89107977486548,1.1518259273547193,-0.02347676704920632,0.04663203775421203,-0.008354754843248241,-0.020507779003152822,-0.017340105126468525,0.017070993682281183,0.017070993682281183,98.33556820161027
stock_007,t_3,0,-1.2160108412453423,1.1661931042783689,-0.02955032322046402,0.002,0.8783989158754657,1.1661931042783689,-0.02955032322046402,-0.002680841741897172,-0.008251509233456192,-0.011838986304358954,0.0023845172225478418,-0.007243338553217776,-0.007243338553217776,97.62329038930297
stock_007,t_4,0,-1.3063902962100098,1.2719557111585151,-0.052527343222442575,0.002,0.8693609703789991,1.2719557111585151,-0.052527343222442575,0.03035205976090399,-0.022019639970113847,-0.018953884281215756,-0.011428984383934747,-0.010054497889796628,-0.010054497889796628,96.64173722208872
stock_007,t_5,0,-1.3208613811837981,1.3875341613222245,-0.024817013434479708,0.002,0.8679138618816202,1.3875341613222245,-0.024817013434479708,0.029018446206091692,-0.00657714054463508,0.011789596252289439,-0.0033231568389946475,0.014443765115459651,0.014443765115459651,98.03760777487454
stock_007,t_6,0,-1.3374545132655167,1.4050865257141179,-0.01612599514692696,0.002,0.8662545486734483,1.4050865257141179,-0.01612599514692696,0.00861349934033309,-0.019092786530038056,0.003918662229358516,0.03764349760408099,0.02021477116785472,0.02021477116785472,100.01941558188751
stock_007,t_7,0,-1.4126389156351566,1.4322958974145752,-0.016319092750311893,0.002,0.8587361084364843,1.4322958974145752,-0.016319092750311893,-0.0710774633182835,-0.015411980856126993,-0.014797925293029965,-0.003394395928407566,-0.08426420841178082,-0.08426420841178082,91.59135870207082
stock_007,t_8,0,-1.2926251966270161,1.5253936274679887,0.012543382865687316,0.002,0.8707374803372984,1.5253936274679887,0.012543382865687316,-0.010740255777159327,-0.030313515578389016,0.011300181379832871,0.008275846343804278,-0.045174397897704804,-0.045174397897704804,87.45377422007206
stock_007,t_9,0,-1.3859898103892467,1.4247611695351876,0.07962177604802867,0.002,0.8614010189610753,1.4247611695351876,0.07962177604802867,-0.010362331347963792,0.011368619268523405,-0.002205243123954651,-0.004645386598484704,0.0044504725304416945,0.0044504725304416945,87.84298483992195
stock_008,t_0,0,-0.8092350464911716,0.8538086042034966,0.7203248407815483,0.002,0.9190764953508829,0.8538086042034966,0.7203248407815483,0.03677493586637572,-0.01939650708179433,0.007219858035633242,0.0015142657591366735,0.025952983384011603,0.025952983384011603,102.59529833840115
stock_008,t_1,0,-0.9703564713257709,1.0822408130251346,0.9015853054431378,0.002,0.9029643528674229,1.0822408130251346,0.9015853054431378,0.028141286046694865,-0.03833694047478696,-0.004848022064030657,0.0001203336087214292,-0.018329795328991483,-0.018329795328991483,100.71474751814144
stock_008,t_2,0,-1.159023194808748,1.2192795607277287,1.0891784564394142,0.002,0.8840976805191252,1.2192795607277287,1.0891784564394142,0.04663203775421203,-0.008354754843248241,-0.020507779003152822,0.00896648131946319,0.01967034484092412,0.01967034484092412,102.69584133238989
stock_008,t_3,0,-1.2708953477738996,1.286322418389066,1.1928473539932063,0.002,0.8729104652226101,1.286322418389066,1.1928473539932063,-0.002680841741897172,-0.008251509233456192,-0.011838986304358954,0.023306150710943538,-0.0017701889008195776,-0.0017701889008195776,102.51405029390297
stock_008,t_4,0,-1.3169282253268866,1.4243990903324824,1.1213512736397062,0.002,0.8683071774673113,1.4243990903324824,1.1213512736397062,0.03035205976090399,-0.022019639970113847,-0.018953884281215756,0.03294787995206659,0.008684073871336462,0.008684073871336462,103.40428987950513
stock_008,t_5,0,-1.3702143623330574,1.4364501539984604,1.2466379672470351,0.002,0.8629785637666942,1.4364501539984604,1.2466379672470351,0.029018446206091692,-0.00657714054463508,0.011789596252289439,0.006192401638183337,0.03848432242626421,0.03848432242626421,107.3837339114869
stock_008,t_6,0,-1.4129542103957646,1.3282892931502843,1.3299944077334194,0.002,0.8587045789604235,1.3282892931502843,1.3299944077334194,0.00861349934033309,-0.019092786530038056,0.003918662229358516,0.011790937720712043,0.0010384439717181365,0.0010384439717181365,107.49524590262787
stock_008,t_7,0,-1.3147792239073959,1.2713563562527166,1.4163260458486138,0.002,0.8685220776092604,1.2713563562527166,1.4163260458486138,-0.0710774633182835,-0.015411980856126993,-0.014797925293029965,-0.02301729018371134,-0.12330244313702549,-0.1,96.74572131236509
stock_008,t_8,0,-1.374318008927181,1.322702170814535,1.357438019159362,0.002,0.8625681991072819,1.322702170814535,1.357438019159362,-0.010740255777159327,-0.030313515578389016,0.011300181379832871,-0.0017575348483124115,-0.03377819496414185,-0.03377819496414185,93.47782547592949
stock_008,t_9,0,-1.41337407614402,1.4377590867113852,1.4172940269728476,0.002,0.858662592385598,1.4377590867113852,1.4172940269728476,-0.010362331347963792,0.011368619268523405,-0.002205243123954651,0.01880578929767178,0.02512790074834844,0.02512790074834844,95.82672699666008
stock_009,t_0,0,0.10393869632459664,-0.7543552866613383,-0.7986547992642253,0.002,1.0103938696324597,-0.7543552866613383,-0.7986547992642253,0.03677493586637572,-0.01939650708179433,0.007219858035633242,0.017319372768343066,0.06534222591360674,0.06534222591360674,106.53422259136067
stock_009,t_1,0,0.17219622418105535,-0.9639913468055721,-0.9694463289139231,0.002,1.0172196224181056,-0.9639913468055721,-0.9694463289139231,0.028141286046694865,-0.03833694047478696,-0.004848022064030657,0.004232194655901004,0.076514439095843,0.076514439095843,114.68562887745033
stock_009,t_2,0,0.09413328850560349,-1.1226016264720695,-1.1719855431920667,0.002,1.0094133288505605,-1.1226016264720695,-1.1719855431920667,0.04663203775421203,-0.008354754843248241,-0.020507779003152822,0.01772787919135905,0.10021276154240202,0.1,126.15419176519536
stock_009,t_3,0,0.12056167360433345,-1.3003892745937373,-1.2148495825297836,0.002,1.0120561673604334,-1.3003892745937373,-1.2148495825297836,-0.002680841741897172,-0.008251509233456192,-0.011838986304358954,0.009815334179876378,0.03421493343709598,0.03421493343709598,130.47054903925218
stock_009,t_4,0,0.06692602439250718,-1.27497820287789,-1.2446000893204836,0.002,1.0066926024392506,-1.27497820287789,-1.2446000893204836,0.03035205976090399,-0.022019639970113847,-0.018953884281215756,0.024006125165186434,0.10822588626176768,0.1,143.51760394317742
stock_009,t_5,0,0.15274068531393775,-1.2848893504023098,-1.4033124733975086,0.002,1.0152740685313937,-1.2848893504023098,-1.4033124733975086,0.029018446206091692,-0.00657714054463508,0.011789596252289439,0.0057871831391422225,0.029155269446002892,0.029155269446002892,147.70189835638547
stock_009,t_6,0,0.09526425508016749,-1.4054985093171903,-1.4432498982503572,0.002,1.0095264255080167,-1.4054985093171903,-1.4432498982503572,0.00861349934033309,-0.019092786530038056,0.003918662229358516,-0.007113966311420693,0.024760863031622053,0.024760863031622053,151.35912483109848
stock_009,t_7,0,0.15259547179871216,-1.375322002402312,-1.4800482595774571,0.002,1.0152595471798713,-1.375322002402312,-1.4800482595774571,-0.0710774633182835,-0.015411980856126993,-0.014797925293029965,0.006716825138660473,-0.02034716813721304,-0.02034716813721304,148.2793952690587
stock_009,t_8,0,0.038364014682738985,-1.3919923759889272,-1.5350249776882148,0.002,1.003836401468274,-1.3919923759889272,-1.5350249776882148,-0.010740255777159327,-0.030313515578389016,0.011300181379832871,-0.05861188751705552,-0.04254322532315962,-0.04254322532315962,141.9711115453453
stock_009,t_9,0,-0.015331807100014524,-1.3860744760997281,-1.428447513330938,0.002,0.9984668192899986,-1.3860744760997281,-1.428447513330938,-0.010362331347963792,0.011368619268523405,-0.002205243123954651,0.007657714727700989,-0.013296408233622142,-0.013296408233622142,140.0834056888573
stock_010,t_0,0,0.03652568833346639,-0.962477370515886,0.018262003741815587,0.002,1.0036525688333466,-0.962477370515886,0.018262003741815587,0.03677493586637572,-0.01939650708179433,0.007219858035633242,-0.07296825650429567,-0.015258449445585819,-0.015258449445585819,98.47415505544141
stock_010,t_1,0,0.028063711810707825,-1.1007768737129644,0.10884288333125255,0.002,1.0028063711810709,-1.1007768737129644,0.10884288333125255,0.028141286046694865,-0.03833694047478696,-0.004848022064030657,-0.03446926814810836,0.037423737576399586,0.037423737576399586,102.15942599229393
stock_010,t_2,0,-0.10555288393132448,-1.2509711734248932,0.10620225353291544,0.002,0.9894447116068675,-1.2509711734248932,0.10620225353291544,0.04663203775421203,-0.008354754843248241,-0.020507779003152822,0.009035372018819684,0.06544878029102229,0.06544878029102229,108.84563581872052
stock_010,t_3,0,-0.16350503852259746,-1.2245743198429702,0.09113286155843456,0.002,0.9836494961477402,-1.2245743198429702,0.09113286155843456,-0.002680841741897172,-0.008251509233456192,-0.011838986304358954,0.009550586745335906,0.01793924372403718,0.01793924372403718,110.79824420797033
stock_010,t_4,0,-0.05548323588908412,-1.3302299275892384,0.10806218141095508,0.002,0.9944516764110916,-1.3302299275892384,0.10806218141095508,0.03035205976090399,-0.022019639970113847,-0.018953884281215756,-0.02324857560279861,0.03617806711030865,0.03617806711030865,114.80671052263065
stock_010,t_5,0,0.028044190031437627,-1.3506767717247747,0.08430447147904256,0.002,1.0028044190031438,-1.3506767717247747,0.08430447147904256,0.029018446206091692,-0.00657714054463508,0.011789596252289439,-0.014242040837578776,0.026735291889503382,0.026735291889503382,117.8761014393269
stock_010,t_6,0,0.034449317877338015,-1.4297406175054665,0.04594618564695649,0.002,1.0034449317877339,-1.4297406175054665,0.04594618564695649,0.00861349934033309,-0.019092786530038056,0.003918662229358516,0.02741081977228264,0.06553177201593136,0.06553177201593136,125.60073124497568
stock_010,t_7,0,0.013240704673128182,-1.4063277695173437,0.08985447548513939,0.002,1.0013240704673128,-1.4063277695173437,0.08985447548513939,-0.0710774633182835,-0.015411980856126993,-0.014797925293029965,-0.009680602631453523,-0.05850754067404069,-0.05850754067404069,118.25214135297101
stock_010,t_8,0,-0.05490570688117123,-1.421613592005448,0.147292741924879,0.002,0.9945094293118829,-1.421613592005448,0.147292741924879,-0.010740255777159327,-0.030313515578389016,0.011300181379832871,0.0448584062480597,0.08093566107184409,0.08093566107184409,127.82295658653487
stock_010,t_9,0,-0.08030400320151515,-1.4733838358409606,0.10787865376104297,0.002,0.9919695996798484,-1.4733838358409606,0.10787865376104297,-0.010362331347963792,0.011368619268523405,-0.002205243123954651,-3.8397063526922985e-05,-0.025305753268017,-0.025305753268017,124.58830038516757
stock_011,t_0,0,0.0506631114291192,-0.8243144366663604,0.9047376354262193,0.002,1.005066311142912,-0.8243144366663604,0.9047376354262193,0.03677493586637572,-0.01939650708179433,0.007219858035633242,0.008160723537625337,0.06964287076705693,0.06964287076705693,106.96428707670569
stock_011,t_1,0,0.0843386613829191,-0.9852951798197306,1.1213264531064882,0.002,1.008433866138292,-0.9852951798197306,1.1213264531064882,0.028141286046694865,-0.03833694047478696,-0.004848022064030657,0.03233748796997215,0.09505310112934626,0.09505310112934626,117.13157427343621
stock_011,t_2,0,0.1944793159196625,-1.1527515682147875,1.1086508569952265,0.002,1.0194479315919662,-1.1527515682147875,1.1086508569952265,0.04663203775421203,-0.008354754843248241,-0.020507779003152822,0.0026205423238683913,0.03905446673900874,0.03905446673900874,121.70608544498586
stock_011,t_3,0,0.22266681703880908,-1.2767504851970215,1.2270958837074792,0.002,1.022266681703881,-1.2767504851970215,1.2270958837074792,-0.002680841741897172,-0.008251509233456192,-0.011838986304358954,-0.020046879613816026,-0.0247798677494037,-0.0247798677494037,118.69022474336148
stock_011,t_4,0,0.2233064721668575,-1.4260233878415995,1.2225134915634932,0.002,1.0223306472166858,-1.4260233878415995,1.2225134915634932,0.03035205976090399,-0.022019639970113847,-0.018953884281215756,-0.002194549033885802,0.03906443420375326,0.03906443420375326,123.3267912184772
stock_011,t_5,0,0.04907253068132618,-1.474563379498565,1.3210119658772903,0.002,1.0049072530681327,-1.474563379498565,1.3210119658772903,0.029018446206091692,-0.00657714054463508,0.011789596252289439,-0.0007122147238018187,0.055721240652537696,0.055721240652537696,130.19871303086722
stock_011,t_6,0,0.06334841551162829,-1.441889745914354,1.2738918247866968,0.002,1.0063348415511628,-1.441889745914354,1.2738918247866968,0.00861349934033309,-0.019092786530038056,0.003918662229358516,-0.027294833044031307,0.015894876346497635,0.015894876346497635,132.26820547496598
stock_011,t_7,0,-0.09742973611540023,-1.4339671197209072,1.299723124093053,0.002,0.99025702638846,-1.4339671197209072,1.299723124093053,-0.0710774633182835,-0.015411980856126993,-0.014797925293029965,-0.0051166414268164675,-0.07063453079011305,-0.07063453079011305,122.9255028427915
stock_011,t_8,0,-0.03576618217201345,-1.3899614102453135,1.3531145165840053,0.002,0.9964233817827987,-1.3899614102453135,1.3531145165840053,-0.010740255777159327,-0.030313515578389016,0.011300181379832871,-0.014843841879948734,0.03387937246527694,0.03387937246527694,127.09014173908388
stock_011,t_9,0,0.022359966710742477,-1.3897222342125497,1.4113283181156915,0.002,1.0022359966710743,-1.3897222342125497,1.4113283181156915,-0.010362331347963792,0.011368619268523405,-0.002205243123954651,0.01848715514374868,-0.008809891381545025,-0.008809891381545025,125.97049139469739
stock_012,t_0,0,-0.04228039577219294,-0.010776684829887511,-0.8131934342005825,0.002,0.9957719604227807,-0.010776684829887511,-0.8131934342005825,0.03677493586637572,-0.01939650708179433,0.007219858035633242,0.0006922374837051124,0.033649576358972005,0.033649576358972005,103.3649576358972
stock_012,t_1,0,0.021749451273119714,-0.03062931547290121,-0.9973056968864518,0.002,1.0021749451273119,-0.03062931547290121,-0.9973056968864518,0.028141286046694865,-0.03833694047478696,-0.004848022064030657,-0.005655914982951401,0.030555771083864088,0.030555771083864088,106.52335361951297
stock_012,t_2,0,-0.001813184187394925,-0.026961585097073606,-1.0984775604547492,0.002,0.9998186815812605,-0.026961585097073606,-1.0984775604547492,0.04663203775421203,-0.008354754843248241,-0.020507779003152822,-0.0021236386124515254,0.06925253637781216,0.06925253637781216,113.90036604113486
stock_012,t_3,0,-0.12076219198505606,-0.0953133699975835,-1.3029415381421563,0.002,0.9879237808014943,-0.0953133699975835,-1.3029415381421563,-0.002680841741897172,-0.008251509233456192,-0.011838986304358954,0.004462440368123322,0.02002595923679007,0.02002595923679007,116.18133012853008
stock_012,t_4,0,-0.21851239198118472,-0.10264955690773989,-1.3019459658087373,0.002,0.9781487608018815,-0.10264955690773989,-1.3019459658087373,0.03035205976090399,-0.022019639970113847,-0.018953884281215756,0.012336283993795596,0.07096235309924312,0.07096235309924312,124.42583070065056
stock_012,t_5,0,-0.15912609877072453,-0.05485480707351979,-1.2809118279730318,0.002,0.9840873901229276,-0.05485480707351979,-1.2809118279730318,0.029018446206091692,-0.00657714054463508,0.011789596252289439,-0.019994244573387627,-0.004178203091924973,-0.004178203091924973,123.90595431010178
stock_012,t_6,0,-0.023770796264909452,-0.03980390068135624,-1.2513775348083067,0.002,0.9976229203735091,-0.03980390068135624,-1.2513775348083067,0.00861349934033309,-0.019092786530038056,0.003918662229358516,-0.02083175265242544,-0.014382486787436161,-0.014382486787436161,122.12387855935206
stock_012,t_7,0,-0.009923418066144593,-0.07611642887252928,-1.3490594187573235,0.002,0.9990076581933856,-0.07611642887252928,-1.3490594187573235,-0.0710774633182835,-0.015411980856126993,-0.014797925293029965,0.022093584308050602,-0.0257769604326246,-0.0257769604326246,118.975896173849
stock_012,t_8,0,-0.09528241249689497,-0.10276370999116319,-1.398369623476726,0.002,0.9904717587503105,-0.10276370999116319,-1.398369623476726,-0.010740255777159327,-0.030313515578389016,0.011300181379832871,-0.008246737444094612,-0.02957135853075122,-0.02957135853075122,115.45761729157468
stock_012,t_9,0,-0.013718466960265636,0.03644977837570294,-1.4918711461824943,0.002,0.9986281533039735,0.03644977837570294,-1.4918711461824943,-0.010362331347963792,0.011368619268523405,-0.002205243123954651,-0.028336841851937484,-0.03298063543015772,-0.03298063543015772,111.64975170804658
stock_013,t_0,0,0.023569648095595135,-0.062432636349452064,0.028481825307792117,0.002,1.0023569648095596,-0.062432636349452064,0.028481825307792117,0.03677493586637572,-0.01939650708179433,0.007219858035633242,0.008876254187662093,0.04915447709215388,0.04915447709215388,104.91544770921539
stock_013,t_1,0,0.007455072220873243,-0.15043556317799567,0.07421100594417393,0.002,1.0007455072220872,-0.15043556317799567,0.07421100594417393,0.028141286046694865,-0.03833694047478696,-0.004848022064030657,0.009267396120653738,0.04483712433596984,0.04483712433596984,109.61955468291741
stock_013,t_2,0,-0.031454245824956255,-0.12981713036811046,-0.01594799081366833,0.002,0.9968545754175043,-0.12981713036811046,-0.01594799081366833,0.04663203775421203,-0.008354754843248241,-0.020507779003152822,-0.03061430514513413,0.01928270322102451,0.01928270322102451,111.73331602308897
stock_013,t_3,0,-0.059702256387474895,-0.05870770829757678,-0.021720854485068747,0.002,0.9940297743612525,-0.05870770829757678,-0.021720854485068747,-0.002680841741897172,-0.008251509233456192,-0.011838986304358954,0.004589634309272126,0.004666377893336063,0.004666377893336063,112.25470589892825
stock_013,t_4,0,-0.01908674651490982,-0.016444699157694285,0.06512114391639534,0.002,0.998091325348509,-0.016444699157694285,0.06512114391639534,0.03035205976090399,-0.022019639970113847,-0.018953884281215756,0.014711661848567472,0.04613359713120279,0.04613359713120279,117.43341927695104
stock_013,t_5,0,-0.032973554286554144,-0.0993005234632452,0.10636208853997595,0.002,0.9967026445713446,-0.0993005234632452,0.10636208853997595,0.029018446206091692,-0.00657714054463508,0.011789596252289439,0.007487729034125261,0.040317570688498325,0.040317570688498325,122.16804945984158
stock_013,t_6,0,-0.04132210061209547,0.0023302064235332376,0.09213798434193259,0.002,0.9958677899387904,0.0023302064235332376,0.09213798434193259,0.00861349934033309,-0.019092786530038056,0.003918662229358516,0.012639629675227906,0.023534103732239162,0.023534103732239162,125.04316500859483
stock_013,t_7,0,-0.034727617210062754,0.02244118781807431,0.17695044342983415,0.002,0.9965272382789937,0.02244118781807431,0.17695044342983415,-0.0710774633182835,-0.015411980856126993,-0.014797925293029965,-0.02808538196181498,-0.09988037278574464,-0.09988037278574464,112.55380707322699
stock_013,t_8,0,0.10204588055668438,0.018749640189715023,0.12462922382841672,0.002,1.0102045880556685,0.018749640189715023,0.12462922382841672,-0.010740255777159327,-0.030313515578389016,0.011300181379832871,0.006620803099923912,-0.0013890872385450568,-0.0013890872385450568,112.39746001617192
stock_013,t_9,0,0.130904231809828,-0.038552395842726066,0.10099321784556618,0.002,1.0130904231809827,-0.038552395842726066,0.10099321784556618,-0.010362331347963792,0.011368619268523405,-0.002205243123954651,-0.006052395189408932,-0.01521137594930448,-0.01521137594930448,110.68773999611902
stock_014,t_0,0,-0.001551770877231384,0.018834492687453214,0.7749978716430356,0.002,0.9998448229122768,0.018834492687453214,0.7749978716430356,0.03677493586637572,-0.01939650708179433,0.007219858035633242,-0.009655803174492897,0.03434347730482032,0.03434347730482032,103.43434773048203
stock_014,t_1,0,-0.09638270066873854,-0.11213658591263291,0.9367055697885965,0.002,0.9903617299331261,-0.11213658591263291,0.9367055697885965,0.028141286046694865,-0.03833694047478696,-0.004848022064030657,0.017411112188394532,0.047038969269485115,0.047038969269485115,108.2997928347854
stock_014,t_2,0,-0.09016927253104004,-0.0904802760421371,1.2250924901083586,0.002,0.990983072746896,-0.0904802760421371,1.2250924901083586,0.04663203775421203,-0.008354754843248241,-0.020507779003152822,0.0295854902134846,0.05342906475451997,0.05342906475451997,114.08614947905625
stock_014,t_3,0,0.00774957504926186,-0.11653764640788675,1.3171726257174905,0.002,1.0007749575049263,-0.11653764640788675,1.3171726257174905,-0.002680841741897172,-0.008251509233456192,-0.011838986304358954,0.03588740109200718,0.020572104600716644,0.020572104600716644,116.43314167963237
stock_014,t_4,0,-0.019387470398999296,-0.0928113004475321,1.3672817456812918,0.002,0.9980612529601001,-0.0928113004475321,1.3672817456812918,0.03035205976090399,-0.022019639970113847,-0.018953884281215756,0.0262961574301181,0.03471774365855662,0.03471774365855662,120.47543764582625
stock_014,t_5,0,0.02454841125917405,-0.08068285432393678,1.4525642266569012,0.002,1.0024548411259173,-0.08068285432393678,1.4525642266569012,0.029018446206091692,-0.00657714054463508,0.011789596252289439,-0.0021946836326036737,0.04655080648387971,0.04655080648387971,126.08366642973783
stock_014,t_6,0,-0.05255982625008111,-0.0520635115688228,1.6000271709227356,0.002,0.9947440173749919,-0.0520635115688228,1.6000271709227356,0.00861349934033309,-0.019092786530038056,0.003918662229358516,0.007054403260526861,0.02488663375101663,0.02488663375101663,129.22146445816006
stock_014,t_7,0,-0.02077910250503622,0.05215158787663554,1.5455088717901708,0.002,0.9979220897494964,0.05215158787663554,1.5455088717901708,-0.0710774633182835,-0.015411980856126993,-0.014797925293029965,0.015336457435684875,-0.07726739739142709,-0.07726739739142709,119.23685821236923
stock_014,t_8,0,0.021340209091514253,0.030491540456251614,1.4943563117937588,0.002,1.0021340209091514,0.030491540456251614,1.4943563117937588,-0.010740255777159327,-0.030313515578389016,0.011300181379832871,0.002423558985989239,0.009622574861169715,0.009622574861169715,120.38422380672844
stock_014,t_9,0,-0.03289780789404091,0.04563758283401674,1.4202393713147972,0.002,0.9967102192105959,0.04563758283401674,1.4202393713147972,-0.010362331347963792,0.011368619268523405,-0.002205243123954651,0.0026152837582308873,-0.00832609459551693,-0.00832609459551693,119.38189337150574
stock_015,t_0,0,0.03993511417880575,0.8901172202667545,-0.8030081155657661,0.002,1.0039935114178806,0.8901172202667545,-0.8030081155657661,0.03677493586637572,-0.01939650708179433,0.007219858035633242,0.01647506263752364,0.03233409006779617,0.03233409006779617,103.23340900677962
stock_015,t_1,0,0.008782900202882228,1.1058141279319122,-1.0404756584505326,0.002,1.0008782900202882,1.1058141279319122,-1.0404756584505326,0.028141286046694865,-0.03833694047478696,-0.004848022064030657,-0.0011856529205186443,-0.008368932112580054,-0.008368932112580054,102.36945561505168
stock_015,t_2,0,0.0618417126597824,1.1088948181028357,-1.196445620079965,0.002,1.0061841712659783,1.1088948181028357,-1.196445620079965,0.04663203775421203,-0.008354754843248241,-0.020507779003152822,-0.01458573872747323,0.04960657754838493,0.04960657754838493,107.4476539536057
stock_015,t_3,0,-0.0792516064785813,1.131077981953211,-1.1958579192631427,0.002,0.9920748393521419,1.131077981953211,-1.1958579192631427,-0.002680841741897172,-0.008251509233456192,-0.011838986304358954,-0.008289461316717171,-0.004124411840868699,-0.004124411840868699,107.00449557736589
stock_015,t_4,0,0.002197554707223305,1.1920318742724998,-1.3674578548834966,0.002,1.0002197554707224,1.1920318742724998,-1.3674578548834966,0.03035205976090399,-0.022019639970113847,-0.018953884281215756,0.012678207554674848,0.04470746258327986,0.04470746258327986,111.78839505963371
stock_015,t_5,0,-0.17644331971080393,1.242210987801167,-1.2436227049394286,0.002,0.9823556680289196,1.242210987801167,-1.2436227049394286,0.029018446206091692,-0.00657714054463508,0.011789596252289439,5.9865823999114645e-05,0.007734295097671396,0.007734295097671396,112.65299949551998
stock_015,t_6,0,-0.08859510152420372,1.2738628049077891,-1.2804499456406102,0.002,0.9911404898475796,1.2738628049077891,-1.2804499456406102,0.00861349934033309,-0.019092786530038056,0.003918662229358516,0.006804199537366757,-0.011997853948379657,-0.011997853948379657,111.30140526072583
stock_015,t_7,0,-0.151244317170399,1.3101714214282048,-1.3263238162854525,0.002,0.9848755682829601,1.3101714214282048,-1.3263238162854525,-0.0710774633182835,-0.015411980856126993,-0.014797925293029965,0.013401584844043798,-0.05516636835119958,-0.05516636835119958,105.16131094010649
stock_015,t_8,0,-0.10347484527002226,1.3990597912297378,-1.3414317670113811,0.002,0.9896525154729978,1.3990597912297378,-1.3414317670113811,-0.010740255777159327,-0.030313515578389016,0.011300181379832871,-0.007496829257952193,-0.07369479345707998,-0.07369479345707998,97.41146985069958
stock_015,t_9,0,-0.02715908833903466,1.368086527365484,-1.318061724052765,0.002,0.9972840911660965,1.368086527365484,-1.318061724052765,-0.010362331347963792,0.011368619268523405,-0.002205243123954651,0.015124963272596121,0.025250676481809786,0.025250676481809786,99.87117536151717
stock_016,t_0,0,0.09773621685743948,0.7667910288209152,-0.053261739342873586,0.002,1.009773621685744,0.7667910288209152,-0.053261739342873586,0.03677493586637572,-0.01939650708179433,0.007219858035633242,0.007576852069167889,0.031453602428651375,0.031453602428651375,103.14536024286514
stock_016,t_1,0,0.14367560113654965,0.9869335295318913,0.049609152951125585,0.002,1.014367560113655,0.9869335295318913,0.049609152951125585,0.028141286046694865,-0.03833694047478696,-0.004848022064030657,-0.024696261738229572,-0.0322271723149037,-0.0322271723149037,99.8212769448355
stock_016,t_2,0,0.06683699802522625,1.228809528771972,0.04013509842655876,0.002,1.0066836998025226,1.228809528771972,0.04013509842655876,0.04663203775421203,-0.008354754843248241,-0.020507779003152822,0.028846095823724886,0.0667003240287271,0.0667003240287271,106.47938846201734
stock_016,t_3,0,0.058937778115758774,1.3926092750019763,0.004381585330612923,0.002,1.005893777811576,1.3926092750019763,0.004381585330612923,-0.002680841741897172,-0.008251509233456192,-0.011838986304358954,-0.010014894875138323,-0.022254538722606285,-0.022254538722606285,104.10973878832993
stock_016,t_4,0,-0.01815776998025429,1.3782821762695834,0.02998806750348672,0.002,0.9981842230019746,1.3782821762695834,0.02998806750348672,0.03035205976090399,-0.022019639970113847,-0.018953884281215756,-0.03310190686370368,-0.03172262733471582,-0.03172262733471582,100.80710434283313
stock_016,t_5,0,-0.10574809481799614,1.4341316687342964,-0.012834035179798219,0.002,0.9894251905182004,1.4341316687342964,-0.012834035179798219,0.029018446206091692,-0.00657714054463508,0.011789596252289439,-0.020900874191726048,0.00022691383644336816,0.00022691383644336816,100.82997886962032
stock_016,t_6,0,0.00013249801231630942,1.2885299663832646,-0.05553606937311896,0.002,1.0000132498012317,1.2885299663832646,-0.05553606937311896,0.00861349934033309,-0.019092786530038056,0.003918662229358516,-0.02042090321356644,-0.03462654442921144,-0.03462654442921144,97.33858512649496
stock_016,t_7,0,-0.1011019653660405,1.2879707101672848,-0.02123849102599074,0.002,0.989889803463396,1.2879707101672848,-0.02123849102599074,-0.0710774633182835,-0.015411980856126993,-0.014797925293029965,0.0010434663731506695,-0.08685128414647289,-0.08685128414647289,88.8846040112581
stock_016,t_8,0,-0.07646987501491162,1.3219783074718543,-0.02335611144969763,0.002,0.9923530124985088,1.3219783074718543,-0.02335611144969763,-0.010740255777159327,-0.030313515578389016,0.011300181379832871,-0.005477010110924744,-0.05447287359994289,-0.05447287359994289,84.04280421197187
stock_016,t_9,0,-0.037502124322495944,1.298773737340119,0.027229506011639586,0.002,0.9962497875677504,1.298773737340119,0.027229506011639586,-0.010362331347963792,0.011368619268523405,-0.002205243123954651,-0.006736639352811858,-0.0003548933020512445,-0.0003548933020512445,84.01297798367143
stock_017,t_0,0,0.039759958223129034,0.848102276259366,0.8583920065650757,0.002,1.003975995822313,0.848102276259366,0.8583920065650757,0.03677493586637572,-0.01939650708179433,0.007219858035633242,0.01239403930964958,0.04106243878616736,0.04106243878616736,104.10624387861674
stock_017,t_1,0,0.04362905289355344,1.173370877732452,1.0527291540041486,0.002,1.0043629052893552,1.173370877732452,1.0527291540041486,0.028141286046694865,-0.03833694047478696,-0.004848022064030657,0.006797507223854075,-0.013025532624246657,-0.013025532624246657,102.75020460258804
stock_017,t_2,0,0.009933891280735133,1.2174794157046511,1.1223381898680265,0.002,1.0009933891280736,1.2174794157046511,1.1223381898680265,0.04663203775421203,-0.008354754843248241,-0.020507779003152822,0.006320957412885725,0.021810913316897173,0.021810913316897173,104.99128040846853
stock_017,t_3,0,-0.06821127792358668,1.2380337814141682,1.225279000515093,0.002,0.9931788722076413,1.2380337814141682,1.225279000515093,-0.002680841741897172,-0.008251509233456192,-0.011838986304358954,0.008196569146573853,-0.017187694715997258,-0.017187694715997258,103.18672233296611
stock_017,t_4,0,-0.024279622940468478,1.3077904814323391,1.250499233689028,0.002,0.9975720377059532,1.3077904814323391,1.250499233689028,0.03035205976090399,-0.022019639970113847,-0.018953884281215756,0.012322693360044766,-0.00789783386227016,-0.00789783386227016,102.37177074318815
stock_017,t_5,0,0.03822931892989328,1.394428573269077,1.303245603452547,0.002,1.0038229318929894,1.394428573269077,1.303245603452547,0.029018446206091692,-0.00657714054463508,0.011789596252289439,-0.04215906683554886,-0.004836298309539758,-0.004836298309539758,101.87667032139828
stock_017,t_6,0,-0.014325911375452093,1.4392842478746881,1.358388057493322,0.002,0.9985674088624548,1.4392842478746881,1.358388057493322,0.00861349934033309,-0.019092786530038056,0.003918662229358516,-0.007288765045289224,-0.018844488254781383,-0.018844488254781383,99.95685660409046
stock_017,t_7,0,-0.0961994779589467,1.431455945759483,1.398674386095122,0.002,0.9903800522041053,1.431455945759483,1.398674386095122,-0.0710774633182835,-0.015411980856126993,-0.014797925293029965,-0.04360420128978948,-0.15475695382863094,-0.1,89.96117094368142
stock_017,t_8,0,-0.11651134786258059,1.4418369683139107,1.321849001846362,0.002,0.988348865213742,1.4418369683139107,1.321849001846362,-0.010740255777159327,-0.030313515578389016,0.011300181379832871,0.0007211985359559083,-0.03666393499637084,-0.03666393499637084,86.66284042000488
stock_017,t_9,0,0.004438789890052863,1.5120710285076078,1.3440508111419576,0.002,1.0004438789890053,1.5120710285076078,1.3440508111419576,-0.010362331347963792,0.011368619268523405,-0.002205243123954651,-9.265944448690641e-05,0.005766610606937945,0.005766610606937945,87.16259127479825
stock_018,t_0,0,0.8468072602703444,-0.9695953179479925,-0.89438085961592,0.002,1.0846807260270344,-0.9695953179479925,-0.89438085961592,0.03677493586637572,-0.01939650708179433,0.007219858035633242,0.020910645495793606,0.07514916924576995,0.07514916924576995,107.514916924577
stock_018,t_1,0,1.0327979839665962,-1.1945649379518066,-1.0384837697925082,0.002,1.1032797983966596,-1.1945649379518066,-1.0384837697925082,0.028141286046694865,-0.03833694047478696,-0.004848022064030657,0.023752687854422416,0.10763095739926047,0.1,118.2664086170347
stock_018,t_2,0,1.2911564814231673,-1.3470640928344324,-1.225262254610242,0.002,1.1291156481423168,-1.3470640928344324,-1.225262254610242,0.04663203775421203,-0.008354754843248241,-0.020507779003152822,0.004055500965047347,0.09509026229031733,0.09509026229031733,129.51239243256236
stock_018,t_3,0,1.3533786150236546,-1.278924691432404,-1.3697629242490514,0.002,1.1353378615023655,-1.278924691432404,-1.3697629242490514,-0.002680841741897172,-0.008251509233456192,-0.011838986304358954,-0.010007221547937997,0.015718780722442975,0.015718780722442975,131.5481693300488
stock_018,t_4,0,1.394638267103792,-1.222023118382276,-1.4894514496526394,0.002,1.1394638267103792,-1.222023118382276,-1.4894514496526394,0.03035205976090399,-0.022019639970113847,-0.018953884281215756,0.009703222250914757,0.10142769593575525,0.1,144.7029862630537
stock_018,t_5,0,1.329650721206715,-1.31973142333613,-1.4993787470455404,0.002,1.1329650721206714,-1.31973142333613,-1.4993787470455404,0.029018446206091692,-0.00657714054463508,0.011789596252289439,-0.01055835274648627,0.015321522247750722,0.015321522247750722,146.92005628639905
stock_018,t_6,0,1.4130290460495836,-1.3433258419792342,-1.5810939091581289,0.002,1.1413029046049583,-1.3433258419792342,-1.5810939091581289,0.00861349934033309,-0.019092786530038056,0.003918662229358516,-2.785302886697798e-05,0.031254819345374454,0.031254819345374454,151.5120161038427
stock_018,t_7,0,1.449393504106278,-1.4078141305278413,-1.4512442079363095,0.002,1.1449393504106278,-1.4078141305278413,-1.4512442079363095,-0.0710774633182835,-0.015411980856126993,-0.014797925293029965,0.019722726339215357,-0.01648405054159126,-0.01648405054159126,149.01448437272856
stock_018,t_8,0,1.4044505254828656,-1.4532761018292308,-1.4108408385103293,0.002,1.1404450525482865,-1.4532761018292308,-1.4108408385103293,-0.010740255777159327,-0.030313515578389016,0.011300181379832871,-0.011155426919788472,0.006707051895305653,0.006707051895305653,150.01393225256865
stock_018,t_9,0,1.4586684305040791,-1.417743504352828,-1.5181823840748025,0.002,1.145866843050408,-1.417743504352828,-1.5181823840748025,-0.010362331347963792,0.011368619268523405,-0.002205243123954651,0.016113572784850018,-0.006530103981502947,-0.006530103981502947,149.03432567628522
stock_019,t_0,0,0.857282066395695,-0.8870584831004639,0.01411656669529581,0.002,1.0857282066395695,-0.8870584831004639,0.01411656669529581,0.03677493586637572,-0.01939650708179433,0.007219858035633242,0.013548027373846049,0.07278336829824582,0.07278336829824582,107.27833682982457
stock_019,t_1,0,0.9718092770332583,-1.0498086851627177,-0.03922016590650008,0.002,1.0971809277033258,-1.0498086851627177,-0.03922016590650008,0.028141286046694865,-0.03833694047478696,-0.004848022064030657,-0.01909583634261643,0.05421683929152803,0.05421683929152803,113.09462917718959
stock_019,t_2,0,1.0547179510559865,-1.1395464371668227,-0.010994436538619975,0.002,1.1054717951055986,-1.1395464371668227,-0.010994436538619975,0.04663203775421203,-0.008354754843248241,-0.020507779003152822,0.019477882564348018,0.08277438763975282,0.08277438763975282,122.45596785267638
stock_019,t_3,0,1.1487280601028174,-1.153634453217171,-0.03358552904428753,0.002,1.1148728060102817,-1.153634453217171,-0.03358552904428753,-0.002680841741897172,-0.008251509233456192,-0.011838986304358954,0.013971326907430102,0.022899373313306354,0.022899373313306354,125.26013277497705
stock_019,t_4,0,1.2485996995050874,-1.233727587730445,-0.05901054992650371,0.002,1.1248599699505086,-1.233727587730445,-0.05901054992650371,0.03035205976090399,-0.022019639970113847,-0.018953884281215756,0.002038517747453149,0.06646505121573895,0.06646505121573895,133.58555391515617
stock_019,t_5,0,1.3398579822823025,-1.3339300728546726,-0.06305515678519996,0.002,1.1339857982282302,-1.3339300728546726,-0.06305515678519996,0.029018446206091692,-0.00657714054463508,0.011789596252289439,-0.015246469160553045,0.027690087449562983,0.027690087449562983,137.28454958506515
stock_019,t_6,0,1.4526662468716973,-1.4294897105062834,-0.1857526717661494,0.002,1.1452666246871697,-1.4294897105062834,-0.1857526717661494,0.00861349934033309,-0.019092786530038056,0.003918662229358516,-0.0171841203715114,0.02124567285546697,0.02124567285546697,140.2012522136596
stock_019,t_7,0,1.540889280167317,-1.276208634672664,-0.14505539257495703,0.002,1.1540889280167317,-1.276208634672664,-0.14505539257495703,-0.0710774633182835,-0.015411980856126993,-0.014797925293029965,-0.010753251538060449,-0.06896754307653241,-0.06896754307653241,130.53191631223024
stock_019,t_8,0,1.385367749671545,-1.3481646511089882,-0.11145938216416222,0.002,1.1385367749671544,-1.3481646511089882,-0.11145938216416222,-0.010740255777159327,-0.030313515578389016,0.011300181379832871,0.010851889265839201,0.04023181200967644,0.04023181200967644,135.78345183056672
stock_019,t_9,0,1.389093606825169,-1.4431103057361532,-0.03767492985811681,0.002,1.138909360682517,-1.4431103057361532,-0.03767492985811681,-0.010362331347963792,0.011368619268523405,-0.002205243123954651,-0.01911250334802796,-0.04523734876709945,-0.04523734876709945,129.64096846330673
stock_020,t_0,0,0.8564704425171651,-0.9146643371891583,0.8669518039016932,0.002,1.0856470442517165,-0.9146643371891583,0.8669518039016932,0.03677493586637572,-0.01939650708179433,0.007219858035633242,0.0087502449723974,0.07467540763993524,0.07467540763993524,107.46754076399353
stock_020,t_1,0,1.1798668865529107,-1.0842141992267293,1.0432791628119904,0.002,1.1179866886552912,-1.0842141992267293,1.0432791628119904,0.028141286046694865,-0.03833694047478696,-0.004848022064030657,-0.02483511057756785,0.04513408744169588,0.04513408744169588,112.31799014597962
stock_020,t_2,0,1.2583932833949407,-1.1678238234792604,1.0742911594973608,0.002,1.125839328339494,-1.1678238234792604,1.0742911594973608,0.04663203775421203,-0.008354754843248241,-0.020507779003152822,-0.004081371688776979,0.03814436643678838,0.03814436643678838,116.60228871955145
stock_020,t_3,0,1.3278190763853497,-1.2825133222292877,1.3091587544506473,0.002,1.132781907638535,-1.2825133222292877,1.3091587544506473,-0.002680841741897172,-0.008251509233456192,-0.011838986304358954,0.0021929550914801727,-0.0037602959747504157,-0.0037602959747504157,116.16382960263265
stock_020,t_4,0,1.3526320356221797,-1.2335604027818659,1.2847287485260004,0.002,1.1352632035622179,-1.2335604027818659,1.2847287485260004,0.03035205976090399,-0.022019639970113847,-0.018953884281215756,0.04890260290117834,0.08817213541838645,0.08817213541838645,126.40624251707433
stock_020,t_5,0,1.4144463731625843,-1.282650245980739,1.2829308516700133,0.002,1.1414446373162583,-1.282650245980739,1.2829308516700133,0.029018446206091692,-0.00657714054463508,0.011789596252289439,-0.02754631311040735,0.031138044393007696,0.031138044393007696,130.34228570812428
stock_020,t_6,0,1.430033909433896,-1.2609715296775845,1.3144775513283125,0.002,1.1430033909433897,-1.2609715296775845,1.3144775513283125,0.00861349934033309,-0.019092786530038056,0.003918662229358516,0.029440291329802668,0.07051200405201163,0.07051200405201163,139.532981486124
stock_020,t_7,0,1.3280042821818465,-1.3206852638790767,1.3002650226758525,0.002,1.1328004282181847,-1.3206852638790767,1.3002650226758525,-0.0710774633182835,-0.015411980856126993,-0.014797925293029965,0.002996848279745601,-0.0744065812666921,-0.0744065812666921,129.15080935979287
stock_020,t_8,0,1.3426623270983673,-1.3633406877025072,1.242833131778373,0.002,1.1342662327098367,-1.3633406877025072,1.242833131778373,-0.010740255777159327,-0.030313515578389016,0.011300181379832871,0.008223438360319264,0.05341301789090358,0.05341301789090358,136.04914385075216
stock_020,t_9,0,1.275791012254698,-1.357247436875098,1.2764784138857617,0.002,1.12757910122547,-1.357247436875098,1.2764784138857617,-0.010362331347963792,0.011368619268523405,-0.002205243123954651,0.00236695826776409,-0.025562364608283792,-0.025562364608283792,132.57140603099438
stock_021,t_0,0,0.671115339490766,0.047090642196488106,-0.8086578146835456,0.002,1.0671115339490767,0.047090642196488106,-0.8086578146835456,0.03677493586637572,-0.01939650708179433,0.007219858035633242,0.008894536363904661,0.04338570599088075,0.04338570599088075,104.33857059908806
stock_021,t_1,0,0.8933924812268088,-0.04840089523577721,-0.9754791057654444,0.002,1.089339248122681,-0.04840089523577721,-0.9754791057654444,0.028141286046694865,-0.03833694047478696,-0.004848022064030657,-0.003073702087240355,0.03616639176340368,0.03616639176340368,108.11212021940823
stock_021,t_2,0,1.1016661501510514,0.11149555505778921,-1.1088501028240425,0.002,1.110166615015105,0.11149555505778921,-1.1088501028240425,0.04663203775421203,-0.008354754843248241,-0.020507779003152822,0.029081003629149164,0.10465886996171836,0.1,118.92333224134906
stock_021,t_3,0,1.2393451860739042,0.06245643498104909,-1.17174601480358,0.002,1.1239345186073904,0.06245643498104909,-1.17174601480358,-0.002680841741897172,-0.008251509233456192,-0.011838986304358954,-0.009129422884494448,0.0032144117143756423,0.0032144117143756423,119.30560079361825
stock_021,t_4,0,1.343079483022927,0.1157001832515936,-1.2929142847405641,0.002,1.1343079483022926,0.1157001832515936,-1.2929142847405641,0.03035205976090399,-0.022019639970113847,-0.018953884281215756,0.022644691443584955,0.08103134543655174,0.08103134543655174,128.97309414404126
stock_021,t_5,0,1.346877215588265,0.04645892885881704,-1.2929461818106274,0.002,1.1346877215588265,0.04645892885881704,-1.2929461818106274,0.029018446206091692,-0.00657714054463508,0.011789596252289439,-0.012887342404260458,0.0064906518403629425,0.0064906518403629425,129.81021359490458
stock_021,t_6,0,1.4653726565501761,0.0026678741692730407,-1.3659014418444932,0.002,1.1465372656550177,0.0026678741692730407,-1.3659014418444932,0.00861349934033309,-0.019092786530038056,0.003918662229358516,-0.001205036928025739,0.005267217512175774,0.005267217512175774,130.49395222521093
stock_021,t_7,0,1.4713368601898023,-0.013011571790746608,-1.3307127180105272,0.002,1.1471336860189802,-0.013011571790746608,-1.3307127180105272,-0.0710774633182835,-0.015411980856126993,-0.014797925293029965,-0.021439251045804384,-0.08108228205203405,-0.08108228205203405,119.91320478480172
stock_021,t_8,0,1.3212623216862287,-0.058059824478998975,-1.4119082467445294,0.002,1.132126232168623,-0.058059824478998975,-1.4119082467445294,-0.010740255777159327,-0.030313515578389016,0.011300181379832871,0.0091004744069504,-0.015253672784644614,-0.015253672784644614,118.08408799645628
stock_021,t_9,0,1.2195991483528799,-0.09555719257347758,-1.4726497273347,0.002,1.121959914835288,-0.09555719257347758,-1.4726497273347,-0.010362331347963792,0.011368619268523405,-0.002205243123954651,0.028902519138530675,0.021437596086335883,0.021437596086335883,120.61552697914763
stock_022,t_0,0,0.8129337207288702,0.06677795349961581,-0.014703639071442141,0.002,1.081293372072887,0.06677795349961581,-0.014703639071442141,0.03677493586637572,-0.01939650708179433,0.007219858035633242,-0.0015471235964170816,0.03881595357963445,0.03881595357963445,103.88159535796345
stock_022,t_1,0,0.9665580952574964,0.03998839730193854,0.053393051890043564,0.002,1.0966558095257497,0.03998839730193854,0.053393051890043564,0.028141286046694865,-0.03833694047478696,-0.004848022064030657,-0.003937713974078191,0.027131707355880233,0.027131707355880233,106.70008040287769
stock_022,t_2,0,1.0697052329504784,-0.02864203478902686,0.06821842128498172,0.002,1.1069705232950477,-0.02864203478902686,0.06821842128498172,0.04663203775421203,-0.008354754843248241,-0.020507779003152822,-0.022292339261358537,0.030168240844953707,0.030168240844953707,109.91903412664763
stock_022,t_3,0,1.1820162344739629,0.020231758829701,0.04352316632752032,0.002,1.1182016234473964,0.020231758829701,0.04352316632752032,-0.002680841741897172,-0.008251509233456192,-0.011838986304358954,-0.004585853071046162,-0.0062657873739073115,-0.0062657873739073115,109.2303048304648
stock_022,t_4,0,1.3104103712934498,-0.048954043603132796,0.027564979065592164,0.002,1.131041037129345,-0.048954043603132796,0.027564979065592164,0.03035205976090399,-0.022019639970113847,-0.018953884281215756,-0.031855885194430555,0.005029026948353027,0.005029026948353027,109.77962697703403
stock_022,t_5,0,1.339125340478953,-0.10477358378828416,-0.0758914404794864,0.002,1.1339125340478953,-0.10477358378828416,-0.0758914404794864,0.029018446206091692,-0.00657714054463508,0.011789596252289439,-0.018257559734376545,0.016441201280988263,0.016441201280988263,111.58453592071525
stock_022,t_6,0,1.4115764134277993,-0.08915997239546339,-0.11066625321050594,0.002,1.14115764134278,-0.08915997239546339,-0.11066625321050594,0.00861349934033309,-0.019092786530038056,0.003918662229358516,0.004535720922182709,0.017633730166554843,0.017633730166554843,113.55218751790139
stock_022,t_7,0,1.4117539325126696,0.009727149383906945,-0.20877733530914422,0.002,1.141175393251267,0.009727149383906945,-0.20877733530914422,-0.0710774633182835,-0.015411980856126993,-0.014797925293029965,0.026380263954827923,-0.04979203142802362,-0.04979203142802362,107.89819342828922
stock_022,t_8,0,1.3278417347390359,-0.04905053941417654,-0.04803453594772403,0.002,1.1327841734739037,-0.04905053941417654,-0.04803453594772403,-0.010740255777159327,-0.030313515578389016,0.011300181379832871,0.05618421722459006,0.04696192078311696,0.04696192078311696,112.96529984070996
stock_022,t_9,0,1.3800523465555312,0.014156183808458858,-0.09963210351359444,0.002,1.1380052346555531,0.014156183808458858,-0.09963210351359444,-0.010362331347963792,0.011368619268523405,-0.002205243123954651,-0.011731701701418015,-0.021143439743424048,-0.021143439743424048,110.57682483043008
stock_023,t_0,0,0.7578278474837684,0.026868823003362623,0.8284964598561267,0.002,1.0757827847483767,0.026868823003362623,0.8284964598561267,0.03677493586637572,-0.01939650708179433,0.007219858035633242,0.0287060031329088,0.07572831155570318,0.07572831155570318,107.57283115557033
stock_023,t_1,0,1.025512429996297,0.006204475496478576,1.05521132249376,0.002,1.1025512429996298,0.006204475496478576,1.05521132249376,0.028141286046694865,-0.03833694047478696,-0.004848022064030657,0.004875049608032958,0.03254871113697403,0.03254871113697403,111.07418816303947
stock_023,t_2,0,1.1760702245918997,0.05069895241780659,1.2343078565376122,0.002,1.11760702245919,0.05069895241780659,1.2343078565376122,0.04663203775421203,-0.008354754843248241,-0.020507779003152822,-0.0030249529349275174,0.02535484986877303,0.02535484986877303,113.89045752820918
stock_023,t_3,0,1.1672533263212286,-0.10188179424887706,1.3624048306085383,0.002,1.116725332632123,-0.10188179424887706,1.3624048306085383,-0.002680841741897172,-0.008251509233456192,-0.011838986304358954,0.008651889034523044,-0.007630688416032427,-0.007630688416032427,113.02139493325204
stock_023,t_4,0,1.3299781677045148,-0.12746054743257035,1.2739730155028122,0.002,1.1329978167704515,-0.12746054743257035,1.2739730155028122,0.03035205976090399,-0.022019639970113847,-0.018953884281215756,0.0012383296735991836,0.016287045368816706,0.016287045368816706,114.86217952017687
stock_023,t_5,0,1.3704278982683666,-0.02699906225013897,1.4359381314228867,0.002,1.1370427898268367,-0.02699906225013897,1.4359381314228867,0.029018446206091692,-0.00657714054463508,0.011789596252289439,0.0022079145122443707,0.05430983698259414,0.05430983698259414,121.10032576538313
stock_023,t_6,0,1.4217559882005253,-0.03985239225773203,1.3797719481297848,0.002,1.1421755988200526,-0.03985239225773203,1.3797719481297848,0.00861349934033309,-0.019092786530038056,0.003918662229358516,-0.008166663256533384,0.009839218946800515,0.009839218946800515,122.29185838511762
stock_023,t_7,0,1.4248284698305806,-0.0438599372006412,1.3359476919406312,0.002,1.1424828469830581,-0.0438599372006412,1.3359476919406312,-0.0710774633182835,-0.015411980856126993,-0.014797925293029965,-0.027962193195977016,-0.1262602614724295,-0.1,110.06267254660587
stock_023,t_8,0,1.5490638444416747,0.07860114494391107,1.436528920774736,0.002,1.1549063844441676,0.07860114494391107,1.436528920774736,-0.010740255777159327,-0.030313515578389016,0.011300181379832871,-0.030872504050441632,-0.027426133687652673,-0.027426133687652673,107.04407897532232
stock_023,t_9,0,1.4516404750185408,0.10239190367137893,1.4721213830734527,0.002,1.145164047501854,0.10239190367137893,1.4721213830734527,-0.010362331347963792,0.011368619268523405,-0.002205243123954651,0.01306489766562454,0.0011159973690048688,0.0011159973690048688,107.16353988582634
stock_024,t_0,0,0.8515527374522431,0.8999799160226266,-0.7868777314283233,0.002,1.0851552737452244,0.8999799160226266,-0.7868777314283233,0.03677493586637572,-0.01939650708179433,0.007219858035633242,-0.005534001801714268,0.01323490146840657,0.01323490146840657,101.32349014684065
stock_024,t_1,0,1.0979101335222183,1.1232013224170398,-0.9910230409482839,0.002,1.1097910133522217,1.1232013224170398,-0.9910230409482839,0.028141286046694865,-0.03833694047478696,-0.004848022064030657,-0.011921777993123333,-0.016946432304551114,-0.016946432304551114,99.60641848020637
stock_024,t_2,0,1.1066249190065909,1.2350981242157093,-1.177536494147332,0.002,1.1106624919006591,1.2350981242157093,-1.177536494147332,0.04663203775421203,-0.008354754843248241,-0.020507779003152822,0.00017011253446307133,0.06779228394390464,0.06779228394390464,106.35896508445192
stock_024,t_3,0,1.1425157398958827,1.4037227778982606,-1.1616590007426237,0.002,1.1142515739895882,1.4037227778982606,-1.1616590007426237,-0.002680841741897172,-0.008251509233456192,-0.011838986304358954,0.015898645058312552,0.017081546464873597,0.017081546464873597,108.17574068849787
stock_024,t_4,0,1.3241884669500605,1.4277326106452217,-1.174040843225546,0.002,1.132418846695006,1.4277326106452217,-1.174040843225546,0.03035205976090399,-0.022019639970113847,-0.018953884281215756,0.0036072788605279638,0.030792999593708216,0.030792999593708216,111.50679622756786
stock_024,t_5,0,1.361445694353649,1.4401940335332608,-1.3287348303243238,0.002,1.136144569435365,1.4401940335332608,-1.3287348303243238,0.029018446206091692,-0.00657714054463508,0.011789596252289439,-0.013121098732819348,-0.0032895544082872374,-0.0032895544082872374,111.13998855448348
stock_024,t_6,0,1.4087591795998022,1.4397492775020848,-1.4418367667208785,0.002,1.1408759179599803,1.4397492775020848,-1.4418367667208785,0.00861349934033309,-0.019092786530038056,0.003918662229358516,0.024525859112978995,0.0032138961889558518,0.0032138961889558518,111.49718094013933
stock_024,t_7,0,1.4126216400308758,1.4310532565449465,-1.3293402283698925,0.002,1.1412621640030876,1.4310532565449465,-1.3293402283698925,-0.0710774633182835,-0.015411980856126993,-0.014797925293029965,0.03158371005963264,-0.04991819754437351,-0.04991819754437351,105.9314426363287
stock_024,t_8,0,1.4718568657308737,1.4308713430997033,-1.3491439098523652,0.002,1.1471856865730874,1.4308713430997033,-1.3491439098523652,-0.010740255777159327,-0.030313515578389016,0.011300181379832871,0.009891133106457067,-0.059050246229785906,-0.059050246229785906,99.67616486517704
stock_024,t_9,0,1.4593597054113199,1.4178915339270743,-1.4418891732473347,0.002,1.145935970541132,1.4178915339270743,-1.4418891732473347,-0.010362331347963792,0.011368619268523405,-0.002205243123954651,0.019473270226881802,0.028897887194672005,0.028897887194672005,102.55659543344845
stock_025,t_0,0,0.8159368873435842,0.7802341046008492,-0.07501893233538878,0.002,1.0815936887343585,0.7802341046008492,-0.07501893233538878,0.03677493586637572,-0.01939650708179433,0.007219858035633242,0.024839199936276223,0.05093929609616489,0.05093929609616489,105.0939296096165
stock_025,t_1,0,1.061032285646182,1.0306280475865461,-0.1559647567000874,0.002,1.1061032285646182,1.0306280475865461,-0.1559647567000874,0.028141286046694865,-0.03833694047478696,-0.004848022064030657,0.022601986328090275,0.016974148150021778,0.016974148150021778,106.8778095404781
stock_025,t_2,0,1.182309907420311,1.2296503140852504,-0.037823667521277554,0.002,1.1182309907420311,1.2296503140852504,-0.037823667521277554,0.04663203775421203,-0.008354754843248241,-0.020507779003152822,0.012281983542252474,0.056929625817974415,0.056929625817974415,112.96232324586224
stock_025,t_3,0,1.3300516503963165,1.3016074965695004,-0.07528810356697947,0.002,1.1330051650396316,1.3016074965695004,-0.07528810356697947,-0.002680841741897172,-0.008251509233456192,-0.011838986304358954,0.011966940941497656,0.0010806419520059153,0.0010806419520059153,113.08439507135778
stock_025,t_4,0,1.299511643116122,1.3667211670551966,-0.026180465256626883,0.002,1.1299511643116122,1.3667211670551966,-0.026180465256626883,0.03035205976090399,-0.022019639970113847,-0.018953884281215756,0.010393211466930053,0.0170910702038324,0.0170910702038324,115.01712840648028
stock_025,t_5,0,1.4219224347217831,1.454367537606403,-0.024951021808677802,0.002,1.1421922434721783,1.454367537606403,-0.024951021808677802,0.029018446206091692,-0.00657714054463508,0.011789596252289439,-0.02194675349094087,0.0033381485116731856,0.0033381485116731856,115.40107266248731
stock_025,t_6,0,1.349597229837507,1.426192503623508,-0.003184292487009093,0.002,1.1349597229837507,1.426192503623508,-0.003184292487009093,0.00861349934033309,-0.019092786530038056,0.003918662229358516,0.014014463137191716,-0.0014520292267033563,-0.0014520292267033563,115.23350693218845
stock_025,t_7,0,1.3651132046710153,1.3923514808706208,0.013103298781638023,0.002,1.1365113204671016,1.3923514808706208,0.013103298781638023,-0.0710774633182835,-0.015411980856126993,-0.014797925293029965,-0.02711627942253108,-0.12754941711848644,-0.1,103.7101562389696
stock_025,t_8,0,1.3570861185515235,1.3673444975423812,0.02720431426627109,0.002,1.1357086118551523,1.3673444975423812,0.02720431426627109,-0.010740255777159327,-0.030313515578389016,0.011300181379832871,-0.0158919891025011,-0.06723139512390064,-0.06723139512390064,96.73757774650596
stock_025,t_9,0,1.357986422250738,1.403420186741249,0.034075045644203564,0.002,1.1357986422250739,1.403420186741249,0.034075045644203564,-0.010362331347963792,0.011368619268523405,-0.002205243123954651,0.02607130135616175,0.03218158549757411,0.03218158549757411,99.85074637558338
stock_026,t_0,0,0.7566342599345055,0.7961255325680753,0.9112666163949877,0.002,1.0756634259934506,0.7961255325680753,0.9112666163949877,0.03677493586637572,-0.01939650708179433,0.007219858035633242,0.01680440325388395,0.0494990178311288,0.0494990178311288,104.94990178311288
stock_026,t_1,0,0.9220874981933713,0.8904823292310171,0.9806125914621914,0.002,1.0922087498193371,0.8904823292310171,0.9806125914621914,0.028141286046694865,-0.03833694047478696,-0.004848022064030657,0.029747965793717253,0.023591725115832074,0.023591725115832074,107.42585101691364
stock_026,t_2,0,1.1011034706202916,1.080668550682123,1.1303415331249171,0.002,1.110110347062029,1.080668550682123,1.1303415331249171,0.04663203775421203,-0.008354754843248241,-0.020507779003152822,-0.005433487673745845,0.016123704774623843,0.016123704774623843,109.15795372387308
stock_026,t_3,0,1.2885686456388996,1.0420644919572037,1.2584780289970456,0.002,1.12885686456389,1.0420644919572037,1.2584780289970456,-0.002680841741897172,-0.008251509233456192,-0.011838986304358954,-0.02304497682553535,-0.04756897235555976,-0.04756897235555976,103.96542204079269
stock_026,t_4,0,1.431255911773499,1.1096750738786798,1.295222328140686,0.002,1.14312559117735,1.1096750738786798,1.295222328140686,0.03035205976090399,-0.022019639970113847,-0.018953884281215756,-0.004808743941406857,-0.01709666742041667,-0.01709666742041667,102.18795979693799
stock_026,t_5,0,1.3851428276190572,1.1676280352564903,1.3223187929900635,0.002,1.1385142827619057,1.1676280352564903,1.3223187929900635,0.029018446206091692,-0.00657714054463508,0.011789596252289439,0.002040625944811484,0.0449884924084344,0.0449884924084344,106.78524205049594
stock_026,t_6,0,1.4859919549734575,1.36920142344597,1.3393508619411323,0.002,1.1485991954973458,1.36920142344597,1.3393508619411323,0.00861349934033309,-0.019092786530038056,0.003918662229358516,0.0015797743268001938,-0.00742017412040696,-0.00742017412040696,105.99287696099145
stock_026,t_7,0,1.5801983835766156,1.392115513858958,1.475799521863801,0.002,1.1580198383576616,1.392115513858958,1.475799521863801,-0.0710774633182835,-0.015411980856126993,-0.014797925293029965,0.02267360957513403,-0.10092953172871877,-0.1,95.39358926489231
stock_026,t_8,0,1.5215310303455907,1.4127385535710912,1.4811981575700406,0.002,1.152153103034559,1.4127385535710912,1.4811981575700406,-0.010740255777159327,-0.030313515578389016,0.011300181379832871,-0.007225408500068911,-0.04368709183296019,-0.04368709183296019,91.22612077040128
stock_026,t_9,0,1.6797263904866861,1.4693571943118966,1.4203429306234385,0.002,1.1679726390486687,1.4693571943118966,1.4203429306234385,-0.010362331347963792,0.011368619268523405,-0.002205243123954651,0.007040689436058485,0.010510130975063245,0.010510130975063245,92.18491924804513
