stock_id,t,state,characteristic_1,characteristic_2,characteristic_3,mu,alpha,epsilon_variance,beta_mkt,beta_smb,beta_hml,MKT,SMB,HML,epsilon,raw_return,return,price
stock_000,t_0,0,-0.85561842460726,-0.8428781706663868,-0.8566430515820055,"(-0.5,-0.5,-0.5)",0.002,0.02,0.828876315078548,-0.021439085333193386,-0.42832152579100274,0.010669325631513295,-0.042797319901068456,0.004583872245644399,-0.006372554561875246,0.003425160991052139,0.003425160991052139,100.34251609910521
stock_001,t_0,0,-0.7908164185456823,-0.8283638663427371,0.04481313697539263,"(-0.5,-0.5,0.0)",0.002,0.02,0.8418367162908635,-0.01418193317136851,0.022406568487696316,0.010669325631513295,-0.042797319901068456,0.004583872245644399,0.03755144283037496,0.049242930463207574,0.049242930463207574,104.92429304632076
stock_002,t_0,0,-0.9358394879384465,-0.7310070735180287,0.8192140703906627,"(-0.5,-0.5,0.5)",0.002,0.02,0.8128321024123106,0.03449646324098565,0.40960703519533137,0.010669325631513295,-0.042797319901068456,0.004583872245644399,0.019680599552174965,0.030754200084032127,0.030754200084032127,103.07542000840321
stock_003,t_0,0,-0.7841772928035512,-0.008193980038609664,-0.8477459140244912,"(-0.5,0.0,-0.5)",0.002,0.02,0.8431645414392898,0.39590300998069516,-0.4238729570122456,0.010669325631513295,-0.042797319901068456,0.004583872245644399,-0.035780919190488696,-0.04367148938819469,-0.04367148938819469,95.63285106118053
stock_004,t_0,0,-0.7972133904841447,0.04947081165180678,-0.01215179224160709,"(-0.5,0.0,0.0)",0.002,0.02,0.840557321903171,0.4247354058259034,-0.006075896120803545,0.010669325631513295,-0.042797319901068456,0.004583872245644399,0.0016691501814776154,-0.0055680582072216035,-0.0055680582072216035,99.44319417927784
stock_005,t_0,0,-0.8341671707142118,0.04114191664855548,0.7727795614831697,"(-0.5,0.0,0.5)",0.002,0.02,0.8331665658571576,0.42057095832427777,0.38638978074158487,0.010669325631513295,-0.042797319901068456,0.004583872245644399,-0.002796998971584445,-0.008135822027725833,-0.008135822027725833,99.18641779722742
stock_006,t_0,0,-0.9158630102238837,0.8486989117649718,-0.8652339494212727,"(-0.5,0.5,-0.5)",0.002,0.02,0.8168273979552232,0.824349455882486,-0.43261697471063637,0.010669325631513295,-0.042797319901068456,0.004583872245644399,-0.003511745439138771,-0.030059756262658,-0.030059756262658,96.9940243737342
stock_007,t_0,0,-0.9402204354070817,0.7761567801632784,-0.02805585353356482,"(-0.5,0.5,0.0)",0.002,0.02,0.8119559129185836,0.7880783900816393,-0.01402792676678241,0.010669325631513295,-0.042797319901068456,0.004583872245644399,-0.01026310453480731,-0.033392027693059406,-0.033392027693059406,96.66079723069406
stock_008,t_0,0,-0.8965921486459356,0.735452166956218,0.8271982696166883,"(-0.5,0.5,0.5)",0.002,0.02,0.8206815702708129,0.767726083478109,0.41359913480834415,0.010669325631513295,-0.042797319901068456,0.004583872245644399,-0.029126029490690875,-0.04933064377382643,-0.04933064377382643,95.06693562261735
stock_009,t_0,0,0.053834955403664855,-0.8389879246776274,-0.8696157617705307,"(0.0,-0.5,-0.5)",0.002,0.02,1.0107669910807329,-0.019493962338813675,-0.43480788088526534,0.010669325631513295,-0.042797319901068456,0.004583872245644399,0.017232886254116637,0.028858273984518037,0.028858273984518037,102.8858273984518
stock_010,t_0,0,0.023099628524874495,-0.781965851568337,-0.018000635909308643,"(0.0,-0.5,0.0)",0.002,0.02,1.0046199257049748,0.009017074215831533,-0.009000317954654322,0.010669325631513295,-0.042797319901068456,0.004583872245644399,-0.018793794801926264,-0.006502340596134127,-0.006502340596134127,99.34976594038659
stock_011,t_0,0,0.03268006847525357,-0.7624274714050228,0.8125826138275005,"(0.0,-0.5,0.5)",0.002,0.02,1.0065360136950507,0.018786264297488642,0.40629130691375026,0.010669325631513295,-0.042797319901068456,0.004583872245644399,-0.007400822183520134,0.006396623988960576,0.006396623988960576,100.63966239889606
stock_012,t_0,0,-0.04881093251889433,0.02085903591093057,-0.8101472555422291,"(0.0,0.0,-0.5)",0.002,0.02,0.9902378134962211,0.4104295179554653,-0.40507362777111455,0.010669325631513295,-0.042797319901068456,0.004583872245644399,-0.012047705714942791,-0.01890462516667775,-0.01890462516667775,98.10953748333222
stock_013,t_0,0,0.0659287661048645,-0.0770748467283207,-0.03969677582133286,"(0.0,0.0,0.0)",0.002,0.02,1.013185753220973,0.3614625766358397,-0.01984838791066643,0.010669325631513295,-0.042797319901068456,0.004583872245644399,-0.014556477557478353,-0.017307080830166716,-0.017307080830166716,98.26929191698332
stock_014,t_0,0,-0.05029001764294047,-0.10404089077397109,0.8325860733118198,"(0.0,0.0,0.5)",0.002,0.02,0.9899419964714119,0.3479795546130145,0.4162930366559099,0.010669325631513295,-0.042797319901068456,0.004583872245644399,0.01486473351121155,0.014442388806852977,0.014442388806852977,101.4442388806853
stock_015,t_0,0,0.03166825274973144,0.7806725981114516,-0.7418611755302305,"(0.0,0.5,-0.5)",0.002,0.02,1.0063336505499463,0.7903362990557259,-0.3709305877651152,0.010669325631513295,-0.042797319901068456,0.004583872245644399,0.00767548316928656,-0.01511218926547804,-0.01511218926547804,98.48878107345219
stock_016,t_0,0,0.04931546019962611,0.8626425887301321,0.024102425486458193,"(0.0,0.5,0.0)",0.002,0.02,1.0098630920399252,0.8313212943650661,0.012051212743229097,0.010669325631513295,-0.042797319901068456,0.004583872245644399,-0.013483232673548423,-0.03623175665721957,-0.03623175665721957,96.37682433427804
stock_017,t_0,0,0.0573401738669181,0.7450812096274139,0.8618357794949918,"(0.0,0.5,0.5)",0.002,0.02,1.0114680347733835,0.7725406048137069,0.4309178897474959,0.010669325631513295,-0.042797319901068456,0.004583872245644399,-0.018896213830159325,-0.037191926847107204,-0.037191926847107204,96.28080731528928
stock_018,t_0,0,0.8611666100120068,-0.9310631146285785,-0.8041781938767372,"(0.5,-0.5,-0.5)",0.002,0.02,1.1722333220024015,-0.06553155731428922,-0.4020890969383686,0.010669325631513295,-0.042797319901068456,0.004583872245644399,-0.009388288216845224,0.006080100781971805,0.006080100781971805,100.60801007819717
stock_019,t_0,0,0.8099747191974018,-0.7781086382362981,-0.026343731258260113,"(0.5,-0.5,0.0)",0.002,0.02,1.1619949438394803,0.010945680881850994,-0.013171865629130057,0.010669325631513295,-0.042797319901068456,0.004583872245644399,0.019340483555634315,0.03320936203811342,0.03320936203811342,103.32093620381136
stock_020,t_0,0,0.8239055485410539,-0.8044289089609407,0.7724242986753475,"(0.5,-0.5,0.5)",0.002,0.02,1.1647811097082108,-0.002214454480470307,0.3862121493376737,0.010669325631513295,-0.042797319901068456,0.004583872245644399,0.0025184275133583764,0.018810976331357365,0.018810976331357365,101.88109763313574
stock_021,t_0,0,0.860915798890823,-0.006297791311420093,-0.7954510425792454,"(0.5,0.0,-0.5)",0.002,0.02,1.1721831597781647,0.39685110434429,-0.3977255212896227,0.010669325631513295,-0.042797319901068456,0.004583872245644399,0.0046616738410493845,0.00036079102835997415,0.00036079102835997415,100.03607910283601
stock_022,t_0,0,0.7936897496197927,0.06517209259665105,0.03631211870576845,"(0.5,0.0,0.0)",0.002,0.02,1.1587379499239585,0.43258604629832553,0.018156059352884224,0.010669325631513295,-0.042797319901068456,0.004583872245644399,-0.0065632733612742316,-0.010630619203553262,-0.010630619203553262,98.93693807964468
stock_023,t_0,0,0.8143184985168398,0.03791742942561661,0.9005853096815175,"(0.5,0.0,0.5)",0.002,0.02,1.162863699703368,0.4189587147128083,0.45029265484075875,0.010669325631513295,-0.042797319901068456,0.004583872245644399,-0.005157608275997713,-0.006616862934758638,-0.006616862934758638,99.33831370652413
stock_024,t_0,0,0.9324705308098793,0.7305854177735868,-0.7720120913026488,"(0.5,0.5,-0.5)",0.002,0.02,1.1864941061619758,0.7652927088867933,-0.3860060456513244,0.010669325631513295,-0.042797319901068456,0.004583872245644399,0.0043308745331922536,-0.015531912767789726,-0.015531912767789726,98.44680872322103
stock_025,t_0,0,0.8529041105108028,0.8193683531888193,-0.06039989609862428,"(0.5,0.5,0.0)",0.002,0.02,1.1705808221021605,0.8096841765944096,-0.03019994804931214,0.010669325631513295,-0.042797319901068456,0.004583872245644399,-0.03686850020234103,-0.05716993766155584,-0.05716993766155584,94.28300623384442
stock_026,t_0,0,0.9004313168083886,0.7492957203933257,0.8590167279440849,"(0.5,0.5,0.5)",0.002,0.02,1.1800862633616778,0.7746478601966629,0.42950836397204245,0.010669325631513295,-0.042797319901068456,0.004583872245644399,0.032241162244636794,0.015647846047087133,0.015647846047087133,101.5647846047087
stock_027,t_0,0,-0.7468879202278386,-0.9209801572830887,-0.8431510704289957,"(-0.5,-0.5,-0.5)",0.002,0.01,0.8506224159544322,-0.06049007864154432,-0.42157553521449787,0.010669325631513295,-0.042797319901068456,0.004583872245644399,-0.007876435517578195,0.003855496878854732,0.003855496878854732,100.38554968788547
stock_028,t_0,0,-0.9035530090509779,-0.810356753517846,0.09086250784047928,"(-0.5,-0.5,0.0)",0.002,0.01,0.8192893981898044,-0.0051783767589229646,0.04543125392023964,0.010669325631513295,-0.042797319901068456,0.004583872245644399,-0.005683143850602634,0.0054879932357806424,0.0054879932357806424,100.54879932357808
stock_029,t_0,0,-0.703586638249668,-0.9316868665730109,0.7905030596567364,"(-0.5,-0.5,0.5)",0.002,0.01,0.8592826723500664,-0.06584343328650544,0.3952515298283682,0.010669325631513295,-0.042797319901068456,0.004583872245644399,0.013384970207154902,0.029182641843350683,0.029182641843350683,102.91826418433507
stock_030,t_0,0,-0.7827872944001453,0.09476235912559329,-0.7997273613433021,"(-0.5,0.0,-0.5)",0.002,0.01,0.843442541119971,0.44738117956279666,-0.39986368067165107,0.010669325631513295,-0.042797319901068456,0.004583872245644399,0.002224337252648488,-0.007756339112009855,-0.007756339112009855,99.22436608879902
stock_031,t_0,0,-0.8697691198554425,0.01782789057824631,-0.0009971520588499948,"(-0.5,0.0,0.0)",0.002,0.01,0.8260461760289115,0.40891394528912317,-0.0004985760294249974,0.010669325631513295,-0.042797319901068456,0.004583872245644399,0.0004208355418804248,-0.006268515156771001,-0.006268515156771001,99.37314848432291
stock_032,t_0,0,-0.8372244433432902,-0.04406826591284522,0.8482355853565803,"(-0.5,0.0,0.5)",0.002,0.01,0.832555111331342,0.37796586704357743,0.42411779267829014,0.010669325631513295,-0.042797319901068456,0.004583872245644399,-0.00583319297100715,-0.009182215726838966,-0.009182215726838966,99.08177842731611
stock_033,t_0,0,-0.8065272224180513,0.8194209523454189,-0.8383012763820401,"(-0.5,0.5,-0.5)",0.002,0.01,0.8386945555163897,0.8097104761727094,-0.41915063819102005,0.010669325631513295,-0.042797319901068456,0.004583872245644399,-0.015611693962115905,-0.041238159897092105,-0.041238159897092105,95.87618401029079
stock_034,t_0,0,-0.9020949942323804,0.795829459971514,0.07238698028079854,"(-0.5,0.5,0.0)",0.002,0.01,0.819581001153524,0.797914729985757,0.03619349014039927,0.010669325631513295,-0.042797319901068456,0.004583872245644399,0.0018494535517551277,-0.02138887548358377,-0.02138887548358377,97.86111245164162
stock_035,t_0,0,-0.8364334954119617,0.7386181609897124,0.9050665684170789,"(-0.5,0.5,0.5)",0.002,0.01,0.8327133009176076,0.7693090804948562,0.45253328420853944,0.010669325631513295,-0.042797319901068456,0.004583872245644399,0.011952613887247566,-0.008012908806591513,-0.008012908806591513,99.19870911934085
stock_036,t_0,0,0.03181592450897521,-0.6985147782824818,-0.8212492698364967,"(0.0,-0.5,-0.5)",0.002,0.01,1.006363184901795,0.05074261085875914,-0.41062463491824835,0.010669325631513295,-0.042797319901068456,0.004583872245644399,-0.008996552067076426,-0.00031323416070971714,-0.00031323416070971714,99.96867658392902
stock_037,t_0,0,-0.02768307474310153,-0.9118586819265327,0.07943030220383276,"(0.0,-0.5,0.0)",0.002,0.01,0.9944633850513797,-0.05592934096326635,0.03971515110191638,0.010669325631513295,-0.042797319901068456,0.004583872245644399,0.013627548617886079,0.02881347737754473,0.02881347737754473,102.88134773775448
stock_038,t_0,0,0.15417069077943069,-0.8742560962334325,0.7861747415865481,"(0.0,-0.5,0.5)",0.002,0.01,1.030834138155886,-0.03712804811671622,0.39308737079327405,0.010669325631513295,-0.042797319901068456,0.004583872245644399,-0.011271421287480033,0.005117727046231466,0.005117727046231466,100.51177270462316
stock_039,t_0,0,0.0357713279203405,-0.0498207261248032,-0.8412335020195313,"(0.0,0.0,-0.5)",0.002,0.01,1.0071542655840682,0.37508963693759845,-0.42061675100976564,0.010669325631513295,-0.042797319901068456,0.004583872245644399,-0.007340111257202147,-0.01257533907111891,-0.01257533907111891,98.74246609288811
stock_040,t_0,0,-0.020990261966524166,0.011517533237523428,0.0656891066040408,"(0.0,0.0,0.0)",0.002,0.01,0.9958019476066952,0.40575876661876176,0.0328445533020204,0.010669325631513295,-0.042797319901068456,0.004583872245644399,0.005058915495223177,0.0004686182373897455,0.0004686182373897455,100.04686182373896
stock_041,t_0,0,0.0013240553828351815,0.05513460574680833,0.7998066662399703,"(0.0,0.0,0.5)",0.002,0.01,1.000264811076567,0.42756730287340416,0.39990333311998516,0.010669325631513295,-0.042797319901068456,0.004583872245644399,6.522835018385862e-07,-0.0037928255800588574,-0.0037928255800588574,99.62071744199412
stock_042,t_0,0,0.01966791214340419,0.6967064646292086,-0.9119968840068833,"(0.0,0.5,-0.5)",0.002,0.01,1.0039335824286808,0.7483532323146043,-0.45599844200344164,0.010669325631513295,-0.042797319901068456,0.004583872245644399,0.006908880011182751,-0.01449757697019734,-0.01449757697019734,98.55024230298027
stock_043,t_0,0,0.04775480476090645,0.7895910360575432,0.03479489540835944,"(0.0,0.5,0.0)",0.002,0.01,1.0095509609521813,0.7947955180287716,0.01739744770417972,0.010669325631513295,-0.042797319901068456,0.004583872245644399,-0.007417380918296625,-0.028581523337627156,-0.028581523337627156,97.14184766623728
stock_044,t_0,0,0.032540655288878645,0.9043367314942088,0.873711543580572,"(0.0,0.5,0.5)",0.002,0.01,1.0065081310577757,0.8521683657471044,0.436855771790286,0.010669325631513295,-0.042797319901068456,0.004583872245644399,-0.01031761620517733,-0.03204688431494654,-0.03204688431494654,96.79531156850535
stock_045,t_0,0,0.8860194810099966,-0.8317002798398525,-0.8668971105937726,"(0.5,-0.5,-0.5)",0.002,0.01,1.1772038962019993,-0.01585013991992623,-0.4334485552968863,0.010669325631513295,-0.042797319901068456,0.004583872245644399,-0.018670627011441454,-0.005419184602086428,-0.005419184602086428,99.45808153979135
stock_046,t_0,0,0.7811064733364601,-0.8542826364173239,-0.06778974684078633,"(0.5,-0.5,0.0)",0.002,0.01,1.156221294667292,-0.027141318208661946,-0.033894873420393164,0.010669325631513295,-0.042797319901068456,0.004583872245644399,-0.012037112496510525,0.003305194906756131,0.003305194906756131,100.33051949067561
stock_047,t_0,0,0.7921533850727784,-0.8305541430905085,0.8400967174263488,"(0.5,-0.5,0.5)",0.002,0.01,1.1584306770145556,-0.015277071545254206,0.4200483587131744,0.010669325631513295,-0.042797319901068456,0.004583872245644399,-0.010761077546379645,0.0061778622996306095,0.0061778622996306095,100.61778622996307
stock_048,t_0,0,0.8046665525958129,-0.11542097198119691,-0.8293369772701754,"(0.5,0.0,-0.5)",0.002,0.01,1.1609333105191626,0.34228951400940155,-0.4146684886350877,0.010669325631513295,-0.042797319901068456,0.004583872245644399,-0.014269656205224862,-0.01643314188486448,-0.01643314188486448,98.35668581151356
stock_049,t_0,0,0.8385207472216331,0.06506853567863063,0.0346718337369496,"(0.5,0.0,0.0)",0.002,0.01,1.1677041494443265,0.43253426783931537,0.0173359168684748,0.010669325631513295,-0.042797319901068456,0.004583872245644399,0.0030846117534014473,-0.0008886142356151734,-0.0008886142356151734,99.91113857643849
stock_050,t_0,0,0.7863863588312694,-0.04342659360748307,0.9456358513425434,"(0.5,0.0,0.5)",0.002,0.01,1.1572772717662538,0.3782867031962585,0.4728179256712717,0.010669325631513295,-0.042797319901068456,0.004583872245644399,-0.0066388516543662394,-0.006313803680225881,-0.006313803680225881,99.36861963197742
stock_051,t_0,0,0.870398277241034,0.9348863893642704,-0.6972333281268208,"(0.5,0.5,-0.5)",0.002,0.01,1.1740796554482067,0.8674431946821353,-0.3486166640634104,0.010669325631513295,-0.042797319901068456,0.004583872245644399,-0.01988295061993457,-0.04407857060820827,-0.04407857060820827,95.59214293917917
stock_052,t_0,0,0.7759149800036764,0.8481161581366475,0.027490020290222808,"(0.5,0.5,0.0)",0.002,0.01,1.1551829960007354,0.8240580790683238,0.013745010145111404,0.010669325631513295,-0.042797319901068456,0.004583872245644399,0.0248348264194843,0.003955378111376518,0.003955378111376518,100.39553781113766
stock_053,t_0,0,0.8585767334437131,0.857514133516924,0.8371232782146948,"(0.5,0.5,0.5)",0.002,0.01,1.1717153466887427,0.8287570667584621,0.4185616391073474,0.010669325631513295,-0.042797319901068456,0.004583872245644399,-0.00834853661271233,-0.027397072257186093,-0.027397072257186093,97.26029277428138
stock_054,t_0,0,-0.8145522453450141,-0.9151499964656664,-0.8349240709910548,"(-0.5,-0.5,-0.5)",0.002,0.03,0.8370895509309971,-0.057574998232833186,-0.4174620354955274,0.010669325631513295,-0.042797319901068456,0.004583872245644399,-0.03766527982260042,-0.02618363584142453,-0.02618363584142453,97.38163641585754
stock_055,t_0,0,-0.8698571820610519,-0.8174347616636143,-0.028052775603814546,"(-0.5,-0.5,0.0)",0.002,0.03,0.8260285635877896,-0.00871738083180712,-0.014026387801907273,0.010669325631513295,-0.042797319901068456,0.004583872245644399,0.03719364707461863,0.048315600166874424,0.048315600166874424,104.83156001668745
stock_056,t_0,0,-0.7878887549302234,-0.7758554574192034,0.8435215419005119,"(-0.5,-0.5,0.5)",0.002,0.03,0.8424222490139553,0.01207227129039834,0.42176077095025594,0.010669325631513295,-0.042797319901068456,0.004583872245644399,0.034963014864771096,0.04736772879464557,0.04736772879464557,104.73677287946455
stock_057,t_0,0,-0.8060299113410467,0.005576801096997989,-0.8518678735777322,"(-0.5,0.0,-0.5)",0.002,0.03,0.8387940177317906,0.402788400548499,-0.4259339367888661,0.010669325631513295,-0.042797319901068456,0.004583872245644399,-0.03454022788072646,-0.04278155214981899,-0.04278155214981899,95.7218447850181
stock_058,t_0,0,-0.8348700758539662,-0.029738763798428696,0.023279228048747543,"(-0.5,0.0,0.0)",0.002,0.03,0.8330259848292068,0.3851306181007857,0.011639614024373772,0.010669325631513295,-0.042797319901068456,0.004583872245644399,-0.044219456624824086,-0.049760834896048434,-0.049760834896048434,95.02391651039515
stock_059,t_0,0,-0.8241531952894816,0.03487747191653101,0.745281101304114,"(-0.5,0.0,0.5)",0.002,0.03,0.8351693609421037,0.4174387359582655,0.372640550652057,0.010669325631513295,-0.042797319901068456,0.004583872245644399,-0.030002002510187382,-0.03524843108500114,-0.03524843108500114,96.47515689149988
stock_060,t_0,0,-0.7717332642957077,0.7792382257889552,-0.869056931176216,"(-0.5,0.5,-0.5)",0.002,0.03,0.8456533471408585,0.7896191128944776,-0.434528465588108,0.010669325631513295,-0.042797319901068456,0.004583872245644399,0.03388457380402673,0.009121719988157074,0.009121719988157074,100.91217199881571
stock_061,t_0,0,-0.8368465790917042,0.791196924735884,0.017467511729897432,"(-0.5,0.5,0.0)",0.002,0.03,0.8326306841816591,0.795598462367942,0.008733755864948716,0.010669325631513295,-0.042797319901068456,0.004583872245644399,-0.009337823018776942,-0.03246366260410253,-0.03246366260410253,96.75363373958974
stock_062,t_0,0,-0.8594498865879024,0.7608313469688645,0.7742518314972592,"(-0.5,0.5,0.5)",0.002,0.03,0.8281100226824195,0.7804156734844323,0.3871259157486296,0.010669325631513295,-0.042797319901068456,0.004583872245644399,-0.024260935750935998,-0.04505072375336863,-0.04505072375336863,95.49492762466313
stock_063,t_0,0,0.07871899951605074,-0.8223445002817635,-0.8950518170966766,"(0.0,-0.5,-0.5)",0.002,0.03,1.0157437999032102,-0.011172250140881745,-0.4475259085483383,0.010669325631513295,-0.042797319901068456,0.004583872245644399,-0.0008511723823289344,0.010412869748921649,0.010412869748921649,101.04128697489216
stock_064,t_0,0,0.0005026441906452458,-0.9183567848823245,0.10737399347833848,"(0.0,-0.5,0.0)",0.002,0.03,1.000100528838129,-0.05917839244116224,0.05368699673916924,0.010669325631513295,-0.042797319901068456,0.004583872245644399,0.036125744847074856,0.051574913980337575,0.051574913980337575,105.15749139803377
stock_065,t_0,0,-0.09146868961745866,-0.7962748377212658,0.8576175398588536,"(0.0,-0.5,0.5)",0.002,0.03,0.9817062620765082,0.0018625811393671032,0.4288087699294268,0.010669325631513295,-0.042797319901068456,0.004583872245644399,-0.04168651115717486,-0.02732647623427964,-0.02732647623427964,97.26735237657203
stock_066,t_0,0,-0.08700046523043176,0.018016591105097308,-0.7651696775900544,"(0.0,0.0,-0.5)",0.002,0.03,0.9825999069539136,0.4090082955525487,-0.3825848387950272,0.010669325631513295,-0.042797319901068456,0.004583872245644399,-0.011514053416595156,-0.018288553934919228,-0.018288553934919228,98.17114460650808
stock_067,t_0,0,0.028054517145711316,0.01566097644500112,0.05694580088766028,"(0.0,0.0,0.0)",0.002,0.03,1.0056109034291423,0.40783048822250056,0.02847290044383014,0.010669325631513295,-0.042797319901068456,0.004583872245644399,-0.04150426859769439,-0.04609861414217842,-0.04609861414217842,95.39013858578215
stock_068,t_0,0,0.00965427293331974,0.020185517284623363,0.817397307210964,"(0.0,0.0,0.5)",0.002,0.03,1.0019308545866639,0.4100927586423117,0.408698653605482,0.010669325631513295,-0.042797319901068456,0.004583872245644399,0.06516466491989549,0.06217714290210874,0.06217714290210874,106.21771429021088
stock_069,t_0,0,0.037908343560928544,0.768516951165758,-0.7774942044675466,"(0.0,0.5,-0.5)",0.002,0.03,1.0075816687121857,0.784258475582879,-0.3887471022337733,0.010669325631513295,-0.042797319901068456,0.004583872245644399,0.054549586031051846,0.03195367503773687,0.03195367503773687,103.1953675037737
stock_070,t_0,0,-0.03031809202731085,0.7595607976163492,0.021914937346318157,"(0.0,0.5,0.0)",0.002,0.03,0.9939363815945378,0.7797803988081746,0.010957468673159079,0.010669325631513295,-0.042797319901068456,0.004583872245644399,0.02853486237400157,0.007817209742398978,0.007817209742398978,100.7817209742399
stock_071,t_0,0,0.10157733309141861,0.8827006926954442,0.7940610103438399,"(0.0,0.5,0.5)",0.002,0.03,1.0203154666182837,0.8413503463477221,0.39703050517191996,0.010669325631513295,-0.042797319901068456,0.004583872245644399,-0.004002047537360386,-0.025303572385326954,-0.025303572385326954,97.4696427614673
stock_072,t_0,0,0.8668835803199171,-0.8522525471832821,-0.8324411673681789,"(0.5,-0.5,-0.5)",0.002,0.03,1.1733767160639834,-0.026126273591641047,-0.41622058368408943,0.010669325631513295,-0.042797319901068456,0.004583872245644399,0.0197737984744324,0.033503169253663645,0.033503169253663645,103.35031692536636
stock_073,t_0,0,0.8303717095930245,-0.9640330930140375,0.011496885969749,"(0.5,-0.5,0.0)",0.002,0.03,1.166074341918605,-0.08201654650701873,0.0057484429848745,0.010669325631513295,-0.042797319901068456,0.004583872245644399,-0.0630604053300045,-0.045082739959226556,-0.045082739959226556,95.49172600407735
stock_074,t_0,0,0.7632234486709196,-0.8668439168073145,0.7365365753567569,"(0.5,-0.5,0.5)",0.002,0.03,1.152644689734184,-0.03342195840365725,0.36826828767837844,0.010669325631513295,-0.042797319901068456,0.004583872245644399,0.008292803249218713,0.02570920980978876,0.02570920980978876,102.57092098097888
stock_075,t_0,0,0.7340065069112277,-0.05659586404328649,-0.775464162282085,"(0.5,0.0,-0.5)",0.002,0.03,1.1468013013822456,0.37170206797835675,-0.3877320811410425,0.010669325631513295,-0.042797319901068456,0.004583872245644399,-0.04008495646289773,-0.04353452658045413,-0.04353452658045413,95.64654734195459
stock_076,t_0,0,0.9249624808478145,-0.001512306211171169,0.06550745601379872,"(0.5,0.0,0.0)",0.002,0.03,1.184992496169563,0.39924384689441444,0.03275372800689936,0.010669325631513295,-0.042797319901068456,0.004583872245644399,-0.03974318426024971,-0.04203654117703811,-0.04203654117703811,95.79634588229618
stock_077,t_0,0,0.809161161187279,-0.11471836948756561,0.8339949969612858,"(0.5,0.0,0.5)",0.002,0.03,1.161832232237456,0.3426408152562172,0.4169974984806429,0.010669325631513295,-0.042797319901068456,0.004583872245644399,-0.021141777374462798,-0.019498456281428066,-0.019498456281428066,98.05015437185719
stock_078,t_0,0,0.8517388957885542,0.799283006714545,-0.8068665459472246,"(0.5,0.5,-0.5)",0.002,0.03,1.1703477791577108,0.7996415033572726,-0.4034332729736123,0.010669325631513295,-0.042797319901068456,0.004583872245644399,-0.010506502400659127,-0.032091480651012826,-0.032091480651012826,96.79085193489871
stock_079,t_0,0,0.8593533748565592,0.7731955459419781,-0.08861004585385815,"(0.5,0.5,0.0)",0.002,0.03,1.171870674971312,0.7865977729709891,-0.044305022926929075,0.010669325631513295,-0.042797319901068456,0.004583872245644399,0.017226577344717862,-0.00213771791423676,-0.00213771791423676,99.78622820857632
stock_080,t_0,0,0.8117247500794792,0.812336367583777,0.803840207168675,"(0.5,0.5,0.5)",0.002,0.03,1.1623449500158958,0.8061681837918886,0.4019201035843375,0.010669325631513295,-0.042797319901068456,0.004583872245644399,0.021020362449585814,0.0027623119694324093,0.0027623119694324093,100.27623119694324
stock_081,t_0,0,-0.765765194831918,-0.7214646726354337,-0.8499988210790285,"(-0.5,-0.5,-0.5)",-0.01,0.02,0.8468469610336165,0.03926766368228318,-0.42499941053951423,0.010669325631513295,-0.042797319901068456,0.004583872245644399,0.005253451536284439,0.0006600437568439928,0.0006600437568439928,100.0660043756844
stock_082,t_0,0,-0.7830667978102348,-0.7685441332243839,0.04278938522540288,"(-0.5,-0.5,0.0)",-0.01,0.02,0.8433866404379531,0.01572793338780809,0.02139469261270144,0.010669325631513295,-0.042797319901068456,0.004583872245644399,-0.018886731881287075,-0.020463408040095797,-0.020463408040095797,97.95365919599041
stock_083,t_0,0,-0.7621508227722178,-0.8483546382019611,0.8693883815707988,"(-0.5,-0.5,0.5)",-0.01,0.02,0.8475698354455564,-0.024177319100980532,0.4346941907853994,0.010669325631513295,-0.042797319901068456,0.004583872245644399,0.013519735760273335,0.015590041426489036,0.015590041426489036,101.55900414264892
stock_084,t_0,0,-0.7035310838484305,0.04821993356280357,-0.8621936201350175,"(-0.5,0.0,-0.5)",-0.01,0.02,0.8592937832303139,0.4241099667814018,-0.4310968100675088,0.010669325631513295,-0.042797319901068456,0.004583872245644399,-0.0024189396444831267,-0.023377717082493366,-0.023377717082493366,97.66222829175067
stock_085,t_0,0,-0.7885372503639273,0.07574281750232967,0.022139177183377698,"(-0.5,0.0,0.0)",-0.01,0.02,0.8422925499272145,0.43787140875116487,0.011069588591688849,0.010669325631513295,-0.042797319901068456,0.004583872245644399,0.023604577063188192,0.003902289379420349,0.003902289379420349,100.39022893794203
stock_086,t_0,0,-0.8588040417685714,0.0925848349812946,0.7500139772062244,"(-0.5,0.0,0.5)",-0.01,0.02,0.8282391916462857,0.4462924174906473,0.3750069886031122,0.010669325631513295,-0.042797319901068456,0.004583872245644399,-0.01834261290242517,-0.03688699449975755,-0.03688699449975755,96.31130055002424
stock_087,t_0,0,-0.7947944972006443,0.8240294655319723,-0.8966199435106501,"(-0.5,0.5,-0.5)",-0.01,0.02,0.8410411005598711,0.8120147327659861,-0.44830997175532505,0.010669325631513295,-0.042797319901068456,0.004583872245644399,-0.05526450172777048,-0.09309821027595228,-0.09309821027595228,90.69017897240477
stock_088,t_0,0,-0.7518330189850231,0.8458732556220807,-0.07000789062594413,"(-0.5,0.5,0.0)",-0.01,0.02,0.8496333962029954,0.8229366278110404,-0.035003945312972067,0.010669325631513295,-0.042797319901068456,0.004583872245644399,-0.009534184087008526,-0.04584910444765401,-0.04584910444765401,95.4150895552346
stock_089,t_0,0,-0.7888962986062894,0.7991039742653195,0.7108326898699724,"(-0.5,0.5,0.5)",-0.01,0.02,0.842220740278742,0.7995519871326597,0.3554163449349862,0.010669325631513295,-0.042797319901068456,0.004583872245644399,0.043025269879569034,0.009421698159561571,0.009421698159561571,100.94216981595616
stock_090,t_0,0,-0.04133430752399714,-0.809186913149903,-0.7868578268234325,"(0.0,-0.5,-0.5)",-0.01,0.02,0.9917331384952006,-0.004593456574951471,-0.39342891341171626,0.010669325631513295,-0.042797319901068456,0.004583872245644399,0.009379747061711912,0.008354030609547746,0.008354030609547746,100.83540306095477
stock_091,t_0,0,0.009933894307696351,-0.8222900993239205,0.028199400428595738,"(0.0,-0.5,0.0)",-0.01,0.02,1.0019867788615393,-0.011145049661960227,0.014099700214297869,0.010669325631513295,-0.042797319901068456,0.004583872245644399,-0.0038865834134858375,-0.0026544507111605394,-0.0026544507111605394,99.73455492888394
stock_092,t_0,0,-0.012658566117912839,-0.7543827237634623,0.8339184988928059,"(0.0,-0.5,0.5)",-0.01,0.02,0.9974682867764174,0.022808638118268887,0.41695924944640295,0.010669325631513295,-0.042797319901068456,0.004583872245644399,0.017672726066660118,0.01925017937443223,0.01925017937443223,101.92501793744322
stock_093,t_0,0,0.01763529314842351,0.03244793949274476,-0.8884301304182687,"(0.0,0.0,-0.5)",-0.01,0.02,1.0035270586296847,0.4162239697463724,-0.44421506520913434,0.010669325631513295,-0.042797319901068456,0.004583872245644399,0.010063649277309237,-0.009078889246373326,-0.009078889246373326,99.09211107536267
stock_094,t_0,0,-0.042553612580985556,0.09171474684238892,0.020118521421658778,"(0.0,0.0,0.0)",-0.01,0.02,0.9914892774838029,0.44585737342119447,0.010059260710829389,0.010669325631513295,-0.042797319901068456,0.004583872245644399,0.009226826068834213,-0.009230042244110177,-0.009230042244110177,99.07699577558898
stock_095,t_0,0,-0.01695696471691071,0.020489011728689752,0.796102665896307,"(0.0,0.0,0.5)",-0.01,0.02,0.9966086070566179,0.4102445058643449,0.3980513329481535,0.010669325631513295,-0.042797319901068456,0.004583872245644399,-0.010270912438345176,-0.025370519580178566,-0.025370519580178566,97.46294804198214
stock_096,t_0,0,0.016713977317937678,0.7850477367005965,-0.8084388709596503,"(0.0,0.5,-0.5)",-0.01,0.02,1.0033427954635876,0.7925238683502982,-0.40421943547982514,0.010669325631513295,-0.042797319901068456,0.004583872245644399,0.0015234207938749217,-0.03354237597575722,-0.03354237597575722,96.64576240242427
stock_097,t_0,0,-0.09466215313914056,0.9048551876199409,-0.0307774723618193,"(0.0,0.5,0.0)",-0.01,0.02,0.9810675693721719,0.8524275938099705,-0.01538873618090965,0.010669325631513295,-0.042797319901068456,0.004583872245644399,0.004023840083851066,-0.03206098697745854,-0.03206098697745854,96.79390130225414
stock_098,t_0,0,-0.0948744718197112,0.8115694983247768,0.8027402283169074,"(0.0,0.5,0.5)",-0.01,0.02,0.9810251056360577,0.8057847491623884,0.4013701141584537,0.010669325631513295,-0.042797319901068456,0.004583872245644399,-0.012853235473540286,-0.04503195752360234,-0.04503195752360234,95.49680424763977
stock_099,t_0,0,0.8341439051160271,-0.8937150365308872,-0.8011520640125844,"(0.5,-0.5,-0.5)",-0.01,0.02,1.1668287810232054,-0.0468575182654436,-0.4005760320062922,0.010669325631513295,-0.042797319901068456,0.004583872245644399,-0.022374603272406292,-0.01975614020785565,-0.01975614020785565,98.02438597921443
stock_100,t_0,0,1.0424140613020803,-0.9017200632445974,0.02026293454195713,"(0.5,-0.5,0.0)",-0.01,0.02,1.208482812260416,-0.050860031622298685,0.010131467270978564,0.010669325631513295,-0.042797319901068456,0.004583872245644399,0.002780453220820148,0.007897264260062542,0.007897264260062542,100.78972642600625
stock_101,t_0,0,0.8063568687809745,-0.8134435023111352,0.7162914577297642,"(0.5,-0.5,0.5)",-0.01,0.02,1.1612713737561948,-0.006721751155567557,0.3581457288648821,0.010669325631513295,-0.042797319901068456,0.004583872245644399,0.01936900276791824,0.023688352402017884,0.023688352402017884,102.36883524020179
stock_102,t_0,0,0.7559394367212993,0.027579572112160514,-0.8273050811637133,"(0.5,0.0,-0.5)",-0.01,0.02,1.1511878873442598,0.4137897860560803,-0.41365254058185663,0.010669325631513295,-0.042797319901068456,0.004583872245644399,0.012946086488887645,-0.004376739323732812,-0.004376739323732812,99.56232606762671
stock_103,t_0,0,0.9231142908354588,-0.042287843536282,0.010469971629383679,"(0.5,0.0,0.0)",-0.01,0.02,1.1846228581670917,0.378856078231859,0.005234985814691839,0.010669325631513295,-0.042797319901068456,0.004583872245644399,0.00987955179332733,-0.0036713494527247596,-0.0036713494527247596,99.63286505472753
stock_104,t_0,0,0.9997872871522696,-0.045933686185075914,0.7707699903914426,"(0.5,0.0,0.5)",-0.01,0.02,1.199957457430454,0.3770331569074621,0.3853849951957213,0.010669325631513295,-0.042797319901068456,0.004583872245644399,0.0100862987984503,-0.0014804173903743625,-0.0014804173903743625,99.85195826096256
stock_105,t_0,0,0.8228921949062946,0.8223262392698604,-0.7743499631926478,"(0.5,0.5,-0.5)",-0.01,0.02,1.164578438981259,0.8111631196349303,-0.3871749815963239,0.010669325631513295,-0.042797319901068456,0.004583872245644399,0.05168005432588005,0.017614952739498493,0.017614952739498493,101.76149527394985
stock_106,t_0,0,0.832774552367855,0.7795956412650819,0.012685293120454591,"(0.5,0.5,0.0)",-0.01,0.02,1.166554910473571,0.7897978206325409,0.0063426465602272955,0.010669325631513295,-0.042797319901068456,0.004583872245644399,0.005197674430206507,-0.0261281274681563,-0.0261281274681563,97.38718725318436
stock_107,t_0,0,0.9833158051547222,0.9013064204424613,0.6580698529426066,"(0.5,0.5,0.5)",-0.01,0.02,1.1966631610309444,0.8506532102212307,0.3290349264713033,0.010669325631513295,-0.042797319901068456,0.004583872245644399,0.020840761741292894,-0.011289072817841327,-0.011289072817841327,98.87109271821586
stock_108,t_0,0,-0.8335210148156582,-0.8775054313170579,-0.7876642491356909,"(-0.5,-0.5,-0.5)",-0.01,0.01,0.8332957970368684,-0.03875271565852895,-0.39383212456784544,0.010669325631513295,-0.042797319901068456,0.004583872245644399,0.019570999749725794,0.018314940179507046,0.018314940179507046,101.8314940179507
stock_109,t_0,0,-0.835395808837446,-0.7090382551202883,0.0558741338171344,"(-0.5,-0.5,0.0)",-0.01,0.01,0.8329208382325108,0.04548087243985588,0.0279370669085672,0.010669325631513295,-0.042797319901068456,0.004583872245644399,0.0005306310684670805,-0.0024010647847185615,-0.0024010647847185615,99.75989352152814
stock_110,t_0,0,-0.7715758264524435,-0.8138057363984068,0.8225821408015483,"(-0.5,-0.5,0.5)",-0.01,0.01,0.8456848347095113,-0.0069028681992033825,0.4112910704007742,0.010669325631513295,-0.042797319901068456,0.004583872245644399,0.002645300484882088,0.0038489173490780654,0.0038489173490780654,100.38489173490781
stock_111,t_0,0,-0.8045892042675283,0.0777167874851265,-0.7929366138076321,"(-0.5,0.0,-0.5)",-0.01,0.01,0.8390821591464943,0.4388583937425633,-0.39646830690381607,0.010669325631513295,-0.042797319901068456,0.004583872245644399,0.010440465122729573,-0.011206417226306789,-0.011206417226306789,98.87935827736932
stock_112,t_0,0,-0.8460679539502597,0.07650507950813379,0.011526622143402429,"(-0.5,0.0,0.0)",-0.01,0.01,0.8307864092099481,0.4382525397540669,0.0057633110717012145,0.010669325631513295,-0.042797319901068456,0.004583872245644399,0.016876632709395437,-0.002989052420153907,-0.002989052420153907,99.7010947579846
stock_113,t_0,0,-0.8296569038082974,-0.047482610319721924,0.7910404634120309,"(-0.5,0.0,0.5)",-0.01,0.01,0.8340686192383405,0.3762586948401391,0.39552023170601547,0.010669325631513295,-0.042797319901068456,0.004583872245644399,0.0031310530487153087,-0.012259846769528043,-0.012259846769528043,98.7740153230472
stock_114,t_0,0,-0.8631628067836178,0.6574585704147665,-0.7639892279761101,"(-0.5,0.5,-0.5)",-0.01,0.01,0.8273674386432764,0.7287292852073832,-0.38199461398805507,0.010669325631513295,-0.042797319901068456,0.004583872245644399,0.0036301781983079165,-0.03048104403123869,-0.03048104403123869,96.95189559687614
stock_115,t_0,0,-0.7910113458343313,0.812143764505254,0.06275902430455217,"(-0.5,0.5,0.0)",-0.01,0.01,0.8417977308331337,0.806071882252627,0.031379512152276086,0.010669325631513295,-0.042797319901068456,0.004583872245644399,0.000908395763866075,-0.03446406666319163,-0.03446406666319163,96.55359333368084
stock_116,t_0,0,-0.7987207332279964,0.847294048738176,0.6765141870252801,"(-0.5,0.5,0.5)",-0.01,0.01,0.8402558533544007,0.8236470243690881,0.33825709351264005,0.010669325631513295,-0.042797319901068456,0.004583872245644399,-0.012055991913108135,-0.04679038648452701,-0.04679038648452701,95.3209613515473
stock_117,t_0,0,-0.01398095517663713,-0.7930686524539647,-0.7284187900927057,"(0.0,-0.5,-0.5)",-0.01,0.01,0.9972038089646725,0.0034656737730176523,-0.36420939504635286,0.010669325631513295,-0.042797319901068456,0.004583872245644399,0.011176678651447152,0.009998359923584126,0.009998359923584126,100.99983599235843
stock_118,t_0,0,0.11041769289704978,-0.7394497052567836,-0.0696965711129701,"(0.0,-0.5,0.0)",-0.01,0.01,1.02208353857941,0.030275147371608246,-0.03484828555648505,0.010669325631513295,-0.042797319901068456,0.004583872245644399,-0.002524987544235025,-0.003075480704607291,-0.003075480704607291,99.69245192953927
stock_119,t_0,0,-0.13186028202523212,-0.7907718255175841,0.8266569501210386,"(0.0,-0.5,0.5)",-0.01,0.01,0.9736279435949535,0.004614087241207987,0.4133284750605193,0.010669325631513295,-0.042797319901068456,0.004583872245644399,-0.017187525937601318,-0.015102398005995079,-0.015102398005995079,98.4897601994005
stock_120,t_0,0,0.05775319526114679,-0.007553061816242602,-0.81181470218859,"(0.0,0.0,-0.5)",-0.01,0.01,1.0115506390522293,0.3962234690918787,-0.405907351094295,0.010669325631513295,-0.042797319901068456,0.004583872245644399,-0.0014413671467097859,-0.019466733985916602,-0.019466733985916602,98.05332660140834
stock_121,t_0,0,-0.0899993407833982,0.026880579309538466,-0.02669390717245121,"(0.0,0.0,0.0)",-0.01,0.01,0.9820001318433204,0.41344028965476926,-0.013346953586225604,0.010669325631513295,-0.042797319901068456,0.004583872245644399,-0.017270298604462293,-0.03454833649409029,-0.03454833649409029,96.54516635059097
stock_122,t_0,0,0.02099912146225506,0.02756435961252803,0.8179666713071462,"(0.0,0.0,0.5)",-0.01,0.01,1.004199824292451,0.413782179806264,0.4089833356535731,0.010669325631513295,-0.042797319901068456,0.004583872245644399,-0.010046959546512572,-0.025166865579324606,-0.025166865579324606,97.48331344206754
stock_123,t_0,0,0.01900806732683599,0.8241835781680018,-0.7794480299322895,"(0.0,0.5,-0.5)",-0.01,0.01,1.0038016134653671,0.8120917890840009,-0.3897240149661447,0.010669325631513295,-0.042797319901068456,0.004583872245644399,0.000210839842272019,-0.03562107105635095,-0.03562107105635095,96.43789289436491
stock_124,t_0,0,0.030104576906757934,0.7921670178577676,-0.03527411286615609,"(0.0,0.5,0.0)",-0.01,0.01,1.0060209153813515,0.7960835089288838,-0.017637056433078044,0.010669325631513295,-0.042797319901068456,0.004583872245644399,-0.009169257795689443,-0.042586779670445704,-0.042586779670445704,95.74132203295544
stock_125,t_0,0,0.10462432667943668,0.8189042702810322,0.88450846575393,"(0.0,0.5,0.5)",-0.01,0.01,1.0209248653358873,0.8094521351405162,0.442254232876965,0.010669325631513295,-0.042797319901068456,0.004583872245644399,0.010753227232917877,-0.02096933800211278,-0.02096933800211278,97.90306619978873
stock_126,t_0,0,0.8486031438170245,-0.8588467494297677,-0.8699384278172615,"(0.5,-0.5,-0.5)",-0.01,0.01,1.169720628763405,-0.02942337471488382,-0.43496921390863075,0.010669325631513295,-0.042797319901068456,0.004583872245644399,-0.014641393051201624,-0.012895864492130022,-0.012895864492130022,98.710413550787
stock_127,t_0,0,0.8322075413696602,-0.8096007347571964,0.03686182316760327,"(0.5,-0.5,0.0)",-0.01,0.01,1.1664415082739321,-0.00480036737859818,0.018430911583801637,0.010669325631513295,-0.042797319901068456,0.004583872245644399,0.0026913287834979755,0.0054264008678015,0.0054264008678015,100.54264008678015
stock_128,t_0,0,0.7489839943495569,-0.8606809969455663,0.8193080277951447,"(0.5,-0.5,0.5)",-0.01,0.01,1.1497967988699114,-0.03034049847278314,0.40965401389757233,0.010669325631513295,-0.042797319901068456,0.004583872245644399,0.005642681004713006,0.011086531145647173,0.011086531145647173,101.10865311456472
stock_129,t_0,0,0.9210449676088557,-0.14161071423756702,-0.7986533011135245,"(0.5,0.0,-0.5)",-0.01,0.01,1.1842089935217712,0.3291946428812165,-0.39932665055676225,0.010669325631513295,-0.042797319901068456,0.004583872245644399,0.01467471704389781,0.001390317620009511,0.001390317620009511,100.13903176200094
stock_130,t_0,0,0.7925972484831946,0.02588264057058992,-0.029518734376811916,"(0.5,0.0,0.0)",-0.01,0.01,1.158519449696639,0.41294132028529495,-0.014759367188405958,0.010669325631513295,-0.042797319901068456,0.004583872245644399,0.009299717703254155,-0.006080097875728363,-0.006080097875728363,99.39199021242716
stock_131,t_0,0,0.846873063814163,0.093878282441195,0.8462517902074255,"(0.5,0.0,0.5)",-0.01,0.01,1.1693746127628326,0.4469391412205975,0.42312589510371273,0.010669325631513295,-0.042797319901068456,0.004583872245644399,0.0024120445283023215,-0.01229975929905363,-0.01229975929905363,98.77002407009464
stock_132,t_0,0,0.8510039965486687,0.8473714733060931,-0.87001881123019,"(0.5,0.5,-0.5)",-0.01,0.01,1.1702007993097339,0.8236857366530466,-0.435009405615095,0.010669325631513295,-0.042797319901068456,0.004583872245644399,0.0008867354909967969,-0.03387358063739147,-0.03387358063739147,96.61264193626086
stock_133,t_0,0,0.8575810711116553,0.8124992062361411,-0.04870281864951457,"(0.5,0.5,0.0)",-0.01,0.01,1.171516214222331,0.8062496031180706,-0.024351409324757285,0.010669325631513295,-0.042797319901068456,0.004583872245644399,-0.0005003194727880666,-0.032617977434751956,-0.032617977434751956,96.7382022565248
stock_134,t_0,0,0.8226871244273024,0.8113626915931241,0.8702087877194546,"(0.5,0.5,0.5)",-0.01,0.01,1.1645374248854605,0.8056813457965621,0.4351043938597273,0.010669325631513295,-0.042797319901068456,0.004583872245644399,0.0114747532451598,-0.01858695709806056,-0.01858695709806056,98.14130429019394
stock_135,t_0,0,-0.8275703534998514,-0.8567665234496522,-0.7376417054567016,"(-0.5,-0.5,-0.5)",-0.01,0.03,0.8344859293000297,-0.02838326172482608,-0.3688208527283508,0.010669325631513295,-0.042797319901068456,0.004583872245644399,-0.019433954340135114,-0.02100645236408037,-0.02100645236408037,97.89935476359196
stock_136,t_0,0,-0.7656967342392045,-0.7488162337239407,0.03646004172087559,"(-0.5,-0.5,0.0)",-0.01,0.03,0.8468606531521591,0.02559188313802968,0.018230020860437793,0.010669325631513295,-0.042797319901068456,0.004583872245644399,0.015907157931515894,0.013930890081642978,0.013930890081642978,101.39308900816431
stock_137,t_0,0,-0.8315819396660793,-0.8501456042338988,0.8082396002968701,"(-0.5,-0.5,0.5)",-0.01,0.03,0.8336836120667841,-0.0250728021169494,0.40411980014843507,0.010669325631513295,-0.042797319901068456,0.004583872245644399,-0.002523809426141716,-0.0007034852265139467,-0.0007034852265139467,99.9296514773486
stock_138,t_0,0,-0.7681385634112607,0.006714196814684493,-0.9139705886620729,"(-0.5,0.0,-0.5)",-0.01,0.03,0.8463722873177478,0.4033570984073423,-0.45698529433103646,0.010669325631513295,-0.042797319901068456,0.004583872245644399,0.007511956223257185,-0.012815187220118485,-0.012815187220118485,98.71848127798815
stock_139,t_0,0,-0.8273449678630214,-0.08496625237207218,0.009951950043741267,"(-0.5,0.0,0.0)",-0.01,0.03,0.8345310064273957,0.3575168738139639,0.0049759750218706334,0.010669325631513295,-0.042797319901068456,0.004583872245644399,-0.007571591415557704,-0.02394566314323767,-0.02394566314323767,97.60543368567623
stock_140,t_0,0,-0.8972291780526934,-0.07583616769285538,0.8321147672353015,"(-0.5,0.0,0.5)",-0.01,0.03,0.8205541643894613,0.3620819161535723,0.41605738361765077,0.010669325631513295,-0.042797319901068456,0.004583872245644399,0.06436124172839669,0.049527019603906236,0.049527019603906236,104.95270196039061
stock_141,t_0,0,-0.8296928595485228,0.7252942980126235,-0.7801065769157185,"(-0.5,0.5,-0.5)",-0.01,0.03,0.8340614280902954,0.7626471490063118,-0.39005328845785925,0.010669325631513295,-0.042797319901068456,0.004583872245644399,-0.01940199493459458,-0.054930330412559465,-0.054930330412559465,94.50696695874406
stock_142,t_0,0,-0.6952141986909447,0.7361174553425361,0.10919098312667418,"(-0.5,0.5,0.0)",-0.01,0.03,0.860957160261811,0.768058727671268,0.05459549156333709,0.010669325631513295,-0.042797319901068456,0.004583872245644399,0.007914254224305462,-0.025520509790518685,-0.025520509790518685,97.44794902094813
stock_143,t_0,0,-0.8662673654536924,0.7953545628501134,0.8142667667437354,"(-0.5,0.5,0.5)",-0.01,0.03,0.8267465269092615,0.7976772814250568,0.4071333833718677,0.010669325631513295,-0.042797319901068456,0.004583872245644399,0.008606634625331197,-0.024844739839000388,-0.024844739839000388,97.51552601609997
stock_144,t_0,0,-0.08671663323992064,-0.7470523671337042,-0.7954383822937598,"(0.0,-0.5,-0.5)",-0.01,0.03,0.9826566733520159,0.026473816433147945,-0.3977191911468799,0.010669325631513295,-0.042797319901068456,0.004583872245644399,0.01857710294327543,0.016105284622497766,0.016105284622497766,101.61052846224979
stock_145,t_0,0,-0.04508725210879012,-0.8416246292773018,-0.09098156627796661,"(0.0,-0.5,0.0)",-0.01,0.03,0.990982549578242,-0.020812314638650853,-0.045490783138983304,0.010669325631513295,-0.042797319901068456,0.004583872245644399,0.013852595551378787,0.015107898417184934,0.015107898417184934,101.51078984171849
stock_146,t_0,0,-0.020865464411374258,-0.7688272109136013,0.7220826136714176,"(0.0,-0.5,0.5)",-0.01,0.03,0.9958269071177251,0.015586394543199378,0.3610413068357088,0.010669325631513295,-0.042797319901068456,0.004583872245644399,0.013081030691263484,0.014693743548491057,0.014693743548491057,101.46937435484911
stock_147,t_0,0,-0.026174419737072754,0.008807504138868707,-0.7621056392491249,"(0.0,0.0,-0.5)",-0.01,0.03,0.9947651160525854,0.40440375206943435,-0.38105281962456244,0.010669325631513295,-0.042797319901068456,0.004583872245644399,0.029804942434454886,0.011364321193980505,0.011364321193980505,101.13643211939805
stock_148,t_0,0,0.0809598331644344,-0.027435177350200755,-0.044418412594550497,"(0.0,0.0,0.0)",-0.01,0.03,1.016191966632887,0.38628241132489965,-0.022209206297275248,0.010669325631513295,-0.042797319901068456,0.004583872245644399,-0.044797964263170585,-0.06058953736100814,-0.06058953736100814,93.94104626389918
stock_149,t_0,0,0.02702397966675533,-0.021795287515299654,0.8063988375963909,"(0.0,0.0,0.5)",-0.01,0.03,1.005404795933351,0.3891023562423502,0.40319941879819543,0.010669325631513295,-0.042797319901068456,0.004583872245644399,0.000652027195499215,-0.013425305034277052,-0.013425305034277052,98.65746949657229
stock_150,t_0,0,0.06481102073658071,0.9263842722201164,-0.8090479457319414,"(0.0,0.5,-0.5)",-0.01,0.03,1.012962204147316,0.8631921361100583,-0.4045239728659707,0.010669325631513295,-0.042797319901068456,0.004583872245644399,-0.036650446838900785,-0.07463941942754454,-0.07463941942754454,92.53605805724554
stock_151,t_0,0,-0.011532886483863272,0.8592757178985773,-0.11325094976576089,"(0.0,0.5,0.0)",-0.01,0.03,0.9976934227032274,0.8296378589492887,-0.056625474882880444,0.010669325631513295,-0.042797319901068456,0.004583872245644399,0.0073378733435323805,-0.027783251443430138,-0.027783251443430138,97.22167485565699
stock_152,t_0,0,-0.0010949438010623056,0.761365389272725,0.9683656703184116,"(0.0,0.5,0.5)",-0.01,0.03,0.9997810112397876,0.7806826946363625,0.4841828351592058,0.010669325631513295,-0.042797319901068456,0.004583872245644399,-0.03511821640235509,-0.06564292199691099,-0.06564292199691099,93.4357078003089
stock_153,t_0,0,0.8682119956486638,-0.8165178091350941,-0.8366618777553672,"(0.5,-0.5,-0.5)",-0.01,0.03,1.173642399129733,-0.00825890456754702,-0.4183309388776836,0.010669325631513295,-0.042797319901068456,0.004583872245644399,-0.02843453177887579,-0.027476675447016246,-0.027476675447016246,97.25233245529837
stock_154,t_0,0,0.674102637566531,-0.782231728542899,0.09776213688863927,"(0.5,-0.5,0.0)",-0.01,0.03,1.1348205275133063,0.008884135728550513,0.048881068444319636,0.010669325631513295,-0.042797319901068456,0.004583872245644399,-0.0014473874080658284,0.0005042297074594017,0.0005042297074594017,100.05042297074593
stock_155,t_0,0,0.7812708061751013,-0.7839957293467618,0.8683525893935854,"(0.5,-0.5,0.5)",-0.01,0.03,1.1562541612350203,0.008002135326619142,0.4341762946967927,0.010669325631513295,-0.042797319901068456,0.004583872245644399,0.042265372352025606,0.046249563232546705,0.046249563232546705,104.62495632325468
stock_156,t_0,0,0.7321123400317295,0.056144420830938235,-0.7437131354575516,"(0.5,0.0,-0.5)",-0.01,0.03,1.146422468006346,0.42807221041546917,-0.3718565677287758,0.010669325631513295,-0.042797319901068456,0.004583872245644399,0.017699525269338254,-9.380643829975249e-05,-9.380643829975249e-05,99.99061935617003
stock_157,t_0,0,0.8387088070986941,-0.003790919682321888,0.04727780942363834,"(0.5,0.0,0.0)",-0.01,0.03,1.1677417614197387,0.39810454015883906,0.02363890471181917,0.010669325631513295,-0.042797319901068456,0.004583872245644399,0.009279650732959999,-0.005190781800955549,-0.005190781800955549,99.48092181990444
stock_158,t_0,0,0.7325547614775231,0.005596842171561881,0.8882605174329024,"(0.5,0.0,0.5)",-0.01,0.03,1.1465109522955046,0.40279842108578096,0.4441302587164512,0.010669325631513295,-0.042797319901068456,0.004583872245644399,0.04248439336661748,0.029514035540282386,0.029514035540282386,102.95140355402823
stock_159,t_0,0,0.7504538801097913,0.8845542725491956,-0.8500937795362057,"(0.5,0.5,-0.5)",-0.01,0.03,1.1500907760219583,0.8422771362745978,-0.42504688976810284,0.010669325631513295,-0.042797319901068456,0.004583872245644399,-0.027967821908561372,-0.06369269360098855,-0.06369269360098855,93.63073063990115
stock_160,t_0,0,0.7001503827832537,0.8186551227462123,-0.058313796575838725,"(0.5,0.5,0.0)",-0.01,0.03,1.1400300765566507,0.8093275613731061,-0.029156898287919363,0.010669325631513295,-0.042797319901068456,0.004583872245644399,-0.06237068580187079,-0.09497803573103636,-0.09497803573103636,90.50219642689636
stock_161,t_0,0,0.8441555784319695,0.7546715309499172,0.888016554520354,"(0.5,0.5,0.5)",-0.01,0.03,1.168831115686394,0.7773357654749586,0.444008277260177,0.010669325631513295,-0.042797319901068456,0.004583872245644399,-0.012321013068051072,-0.04108298349315237,-0.04108298349315237,95.89170165068477
stock_162,t_0,0,-0.8693298193121176,-0.8036185502904378,-0.860638796605944,"(-0.5,-0.5,-0.5)",0.01,0.02,0.8261340361375764,-0.0018092751452188915,-0.430319398302972,0.010669325631513295,-0.042797319901068456,0.004583872245644399,-0.005299195954621844,0.011620000072741925,0.011620000072741925,101.1620000072742
stock_163,t_0,0,-0.8443743187294863,-0.7534943973210423,0.012916706773793038,"(-0.5,-0.5,0.0)",0.01,0.02,0.8311251362541028,0.02325280133947888,0.006458353386896519,0.010669325631513295,-0.042797319901068456,0.004583872245644399,0.024960753243632523,0.04286274465218449,0.04286274465218449,104.28627446521845
stock_164,t_0,0,-0.848701925471742,-0.9000904808734426,0.8945970764340646,"(-0.5,-0.5,0.5)",0.01,0.02,0.8302596149056516,-0.05004524043672126,0.4472985382170323,0.010669325631513295,-0.042797319901068456,0.004583872245644399,0.04305095549504411,0.06610142720451395,0.06610142720451395,106.61014272045139
stock_165,t_0,0,-0.7810313298427853,-0.0195921344369755,-0.8104013386695327,"(-0.5,0.0,-0.5)",0.01,0.02,0.843793734031443,0.3902039327815123,-0.40520066933476634,0.010669325631513295,-0.042797319901068456,0.004583872245644399,-0.026326676839358725,-0.025881037365132302,-0.025881037365132302,97.41189626348678
stock_166,t_0,0,-0.8867746531178995,-0.06089069311216222,-0.049571262508674135,"(-0.5,0.0,0.0)",0.01,0.02,0.8226450693764201,0.3695546534439189,-0.024785631254337068,0.010669325631513295,-0.042797319901068456,0.004583872245644399,0.0498181286391359,0.05266563387190635,0.05266563387190635,105.26656338719063
stock_167,t_0,0,-0.8037943669215027,0.01775075364590761,0.7802818241476376,"(-0.5,0.0,0.5)",0.01,0.02,0.8392411266156994,0.40887537682295383,0.3901409120738188,0.010669325631513295,-0.042797319901068456,0.004583872245644399,0.03156126424899139,0.03480498690939607,0.03480498690939607,103.4804986909396
stock_168,t_0,0,-0.7807335242222726,0.8720816124541068,-0.8146255101423072,"(-0.5,0.5,-0.5)",0.01,0.02,0.8438532951555455,0.8360408062270535,-0.4073127550711536,0.010669325631513295,-0.042797319901068456,0.004583872245644399,0.017045531069073916,-0.0015984988074000742,-0.0015984988074000742,99.84015011926
stock_169,t_0,0,-0.7626966859346809,0.8077582529635385,-0.006781268116914438,"(-0.5,0.5,0.0)",0.01,0.02,0.8474606628130639,0.8038791264817693,-0.003390634058457219,0.010669325631513295,-0.042797319901068456,0.004583872245644399,0.0076361607002766955,-0.007741419899460089,-0.007741419899460089,99.225858010054
stock_170,t_0,0,-0.7966284795044019,0.8229573594433475,0.872633951907068,"(-0.5,0.5,0.5)",0.01,0.02,0.8406743040991196,0.8114786797216738,0.436316975953534,0.010669325631513295,-0.042797319901068456,0.004583872245644399,0.048797718150879556,0.03503805467879065,0.03503805467879065,103.50380546787908
stock_171,t_0,0,-0.0751600879916333,-0.7394540964193501,-0.8718762891752189,"(0.0,-0.5,-0.5)",0.01,0.02,0.9849679824016734,0.030272951790324965,-0.43593814458760943,0.010669325631513295,-0.042797319901068456,0.004583872245644399,0.0018874983476716285,0.01910255652461672,0.01910255652461672,101.91025565246167
stock_172,t_0,0,-0.00988187099861593,-0.9076525619451984,0.03601333919033581,"(0.0,-0.5,0.0)",0.01,0.02,0.9980236258002768,-0.05382628097259917,0.018006669595167904,0.010669325631513295,-0.042797319901068456,0.004583872245644399,-0.009197059282365702,0.013837340608103923,0.013837340608103923,101.38373406081038
stock_173,t_0,0,0.07643108239178961,-0.760737184282873,0.8750024983357318,"(0.0,-0.5,0.5)",0.01,0.02,1.0152862164783578,0.019631407858563543,0.4375012491678659,0.010669325631513295,-0.042797319901068456,0.004583872245644399,0.0030595702947242326,0.025057267738782973,0.025057267738782973,102.50572677387831
stock_174,t_0,0,-0.0934285961974376,-0.046930083256697834,-0.8527537794744098,"(0.0,0.0,-0.5)",0.01,0.02,0.9813142807605125,0.37653495837165113,-0.4263768897372049,0.010669325631513295,-0.042797319901068456,0.004583872245644399,-0.02710663623631712,-0.024705818886446552,-0.024705818886446552,97.52941811135535
stock_175,t_0,0,-0.05608405603194365,0.06736171385752053,0.011069058775876075,"(0.0,0.0,0.0)",0.01,0.02,0.9887831887936113,0.4336808569287603,0.0055345293879380374,0.010669325631513295,-0.042797319901068456,0.004583872245644399,0.009719680752191732,0.011734321779101275,0.011734321779101275,101.17343217791013
stock_176,t_0,0,-0.0014686682535106005,0.029252143926210398,0.767902857730304,"(0.0,0.0,0.5)",0.01,0.02,0.9997062663492979,0.41462607196310525,0.383951428865152,0.010669325631513295,-0.042797319901068456,0.004583872245644399,-0.0019162727670816349,0.0027650185817854243,0.0027650185817854243,100.27650185817853
stock_177,t_0,0,-0.05450104369603149,0.7721122805980296,-0.7951427430620177,"(0.0,0.5,-0.5)",0.01,0.02,0.9890997912607937,0.7860561402990148,-0.39757137153100885,0.010669325631513295,-0.042797319901068456,0.004583872245644399,0.006891982079835803,-0.008018502637340812,-0.008018502637340812,99.19814973626592
stock_178,t_0,0,0.0204957827460903,0.8596855480663306,0.06470298705177564,"(0.0,0.5,0.0)",0.01,0.02,1.004099156549218,0.8298427740331653,0.03235149352588782,0.010669325631513295,-0.042797319901068456,0.004583872245644399,0.007484704652921903,-0.0071689860341356245,-0.0071689860341356245,99.28310139658643
stock_179,t_0,0,-0.08143805154233406,0.7913703368255649,0.8338522856323616,"(0.0,0.5,0.5)",0.01,0.02,0.9837123896915332,0.7956851684127825,0.4169261428161808,0.010669325631513295,-0.042797319901068456,0.004583872245644399,-0.02089581813386273,-0.032542326839048376,-0.032542326839048376,96.74576731609517
stock_180,t_0,0,0.7440754135693175,-0.8569305136999782,-0.7641582658257745,"(0.5,-0.5,-0.5)",0.01,0.02,1.1488150827138635,-0.028465256849989073,-0.38207913291288725,0.010669325631513295,-0.042797319901068456,0.004583872245644399,0.026606432784108326,0.04833034976245222,0.04833034976245222,104.83303497624523
stock_181,t_0,0,0.891158647772255,-0.7603975864551752,0.0025810611665513018,"(0.5,-0.5,0.0)",0.01,0.02,1.1782317295544509,0.019801206772412427,0.0012905305832756509,0.010669325631513295,-0.042797319901068456,0.004583872245644399,-0.02001341732632246,0.0017159977123317773,0.0017159977123317773,100.17159977123318
stock_182,t_0,0,0.8122819477774141,-0.760228518589463,0.8026412402134148,"(0.5,-0.5,0.5)",0.01,0.02,1.162456389555483,0.019885740705268495,0.4013206201067074,0.010669325631513295,-0.042797319901068456,0.004583872245644399,0.018047248706437896,0.04143842050471748,0.04143842050471748,104.14384205047176
stock_183,t_0,0,0.8452943394105168,0.0795167354469934,-0.8470542480220111,"(0.5,0.0,-0.5)",0.01,0.02,1.1690588678821034,0.43975836772349675,-0.42352712401100556,0.010669325631513295,-0.042797319901068456,0.004583872245644399,-0.03158151471847868,-0.02987031874630207,-0.02987031874630207,97.0129681253698
stock_184,t_0,0,0.7883668619440615,-0.0005622763995195003,0.03590275072813944,"(0.5,0.0,0.0)",0.01,0.02,1.1576733723888122,0.3997188618002403,0.01795137536406972,0.010669325631513295,-0.042797319901068456,0.004583872245644399,0.007717545476536037,0.013044530473831077,0.013044530473831077,101.30445304738312
stock_185,t_0,0,0.8539445409500835,0.009351466392638032,0.8583852081204223,"(0.5,0.0,0.5)",0.01,0.02,1.1707889081900167,0.40467573319631905,0.42919260406021115,0.010669325631513295,-0.042797319901068456,0.004583872245644399,-0.01611128304285351,-0.008971427679625145,-0.008971427679625145,99.1028572320375
stock_186,t_0,0,0.72902407536464,0.7734440404609756,-0.8152064331346335,"(0.5,0.5,-0.5)",0.01,0.02,1.145804815072928,0.7867220202304879,-0.40760321656731674,0.010669325631513295,-0.042797319901068456,0.004583872245644399,0.001144892485642015,-0.012168137876866388,-0.012168137876866388,98.78318621231335
stock_187,t_0,0,0.7692803086253178,0.7444995334594194,-0.07246919126366075,"(0.5,0.5,0.0)",0.01,0.02,1.1538560617250635,0.7722497667297097,-0.036234595631830374,0.010669325631513295,-0.042797319901068456,0.004583872245644399,-0.012734286521926772,-0.023639735534992334,-0.023639735534992334,97.63602644650076
stock_188,t_0,0,0.7699101646064895,0.8142915065505383,0.7636424510405015,"(0.5,0.5,0.5)",0.01,0.02,1.153982032921298,0.8071457532752692,0.3818212255202508,0.010669325631513295,-0.042797319901068456,0.004583872245644399,-0.04336950163539268,-0.05385074684449001,-0.05385074684449001,94.614925315551
stock_189,t_0,0,-0.8109060696899404,-0.7232265514400472,-0.8338575785485298,"(-0.5,-0.5,-0.5)",0.01,0.01,0.8378187860620119,0.038386724279976414,-0.4169287892742649,0.010669325631513295,-0.042797319901068456,0.004583872245644399,-0.01099768727215913,0.0043872769520069636,0.0043872769520069636,100.4387276952007
stock_190,t_0,0,-0.7485180653549369,-0.8076940954866653,-0.06718940996140761,"(-0.5,-0.5,0.0)",0.01,0.01,0.8502963869290125,-0.00384704774333261,-0.033594704980703806,0.010669325631513295,-0.042797319901068456,0.004583872245644399,0.0008372883459774622,0.019920026878606757,0.019920026878606757,101.99200268786069
stock_191,t_0,0,-0.8403845744993172,-0.8839100844915371,0.8710761230554296,"(-0.5,-0.5,0.5)",0.01,0.01,0.8319230851001366,-0.041955042245768515,0.4355380615277148,0.010669325631513295,-0.042797319901068456,0.004583872245644399,0.006391448233508123,0.02905952072542828,0.02905952072542828,102.90595207254283
stock_192,t_0,0,-0.8941857248412098,0.07935436205517973,-0.7903087234457625,"(-0.5,0.0,-0.5)",0.01,0.01,0.821162855031758,0.4396771810275899,-0.39515436172288126,0.010669325631513295,-0.042797319901068456,0.004583872245644399,-0.014539361819853163,-0.016406450004100785,-0.016406450004100785,98.35935499958993
stock_193,t_0,0,-0.9463386060228833,0.04706048487618551,0.093180981728388,"(-0.5,0.0,0.0)",0.01,0.01,0.8107322787954233,0.4235302424380928,0.046590490864194,0.010669325631513295,-0.042797319901068456,0.004583872245644399,-0.02109847242467476,-0.020360900157644378,-0.020360900157644378,97.96390998423557
stock_194,t_0,0,-0.872431422696878,0.05911513277337792,0.717097096097925,"(-0.5,0.0,0.5)",0.01,0.01,0.8255137154606244,0.42955756638668896,0.3585485480489625,0.010669325631513295,-0.042797319901068456,0.004583872245644399,-0.008568490922447701,-0.0065011881253757295,-0.0065011881253757295,99.34988118746243
stock_195,t_0,0,-0.8098706033012398,0.7253166382987927,-0.7960565406211002,"(-0.5,0.5,-0.5)",0.01,0.01,0.838025879339752,0.7626583191493963,-0.3980282703105501,0.010669325631513295,-0.042797319901068456,0.004583872245644399,-0.0019603924778231665,-0.017483464284618333,-0.017483464284618333,98.25165357153817
stock_196,t_0,0,-0.9322777650049558,0.6670277875554798,0.023765590115097587,"(-0.5,0.5,0.0)",0.01,0.01,0.8135444469990089,0.7335138937777399,0.011882795057548794,0.010669325631513295,-0.042797319901068456,0.004583872245644399,-0.006178174625916948,-0.018836163554594415,-0.018836163554594415,98.11638364454056
stock_197,t_0,0,-0.687726613897528,0.789259825461499,0.8748099327981373,"(-0.5,0.5,0.5)",0.01,0.01,0.8624546772204944,0.7946299127307495,0.4374049663990687,0.010669325631513295,-0.042797319901068456,0.004583872245644399,-0.007942455642986826,-0.020743667941811962,-0.020743667941811962,97.92563320581881
stock_198,t_0,0,0.006642665783680219,-0.8444102843774816,-0.788076942893759,"(0.0,-0.5,-0.5)",0.01,0.01,1.001328533156736,-0.022205142188740756,-0.3940384714468795,0.010669325631513295,-0.042797319901068456,0.004583872245644399,0.008660274310384469,0.028487873055477994,0.028487873055477994,102.8487873055478
stock_199,t_0,0,0.09854432275540653,-0.8991076792313366,0.033833816641024105,"(0.0,-0.5,0.0)",0.01,0.01,1.0197088645510812,-0.04955383961566828,0.016916908320512052,0.010669325631513295,-0.042797319901068456,0.004583872245644399,0.009813162749311736,0.03289108514743841,0.03289108514743841,103.28910851474384
stock_200,t_0,0,0.0207081257960141,-0.9104607402396079,0.9218826520339438,"(0.0,-0.5,0.5)",0.01,0.01,1.0041416251592028,-0.05523037011980392,0.4609413260169719,0.010669325631513295,-0.042797319901068456,0.004583872245644399,0.007571935711188085,0.032762057659639965,0.032762057659639965,103.276205765964
stock_201,t_0,0,0.11696152265182941,-0.05716631932103142,-0.7207259702800957,"(0.0,0.0,-0.5)",0.01,0.01,1.023392304530366,0.3714168403394843,-0.36036298514004783,0.010669325631513295,-0.042797319901068456,0.004583872245644399,-0.009225445507829414,-0.005854042980604129,-0.005854042980604129,99.41459570193959
stock_202,t_0,0,0.0033687670883385933,-0.009794900330665338,0.09020693671588564,"(0.0,0.0,0.0)",0.01,0.01,1.0006737534176677,0.39510254983466736,0.04510346835794282,0.010669325631513295,-0.042797319901068456,0.004583872245644399,0.0009168804514012756,0.004890812895309187,0.004890812895309187,100.48908128953092
stock_203,t_0,0,0.013645971312686618,0.01939055438211743,0.9160604984781775,"(0.0,0.0,0.5)",0.01,0.01,1.0027291942625374,0.40969527719105875,0.45803024923908875,0.010669325631513295,-0.042797319901068456,0.004583872245644399,-0.0017823215261918224,0.00348181507487013,0.00348181507487013,100.34818150748701
stock_204,t_0,0,0.0772931951698786,0.8785889650749754,-0.9090329930364356,"(0.0,0.5,-0.5)",0.01,0.01,1.0154586390339757,0.8392944825374877,-0.4545164965182178,0.010669325631513295,-0.042797319901068456,0.004583872245644399,-0.014120382138249234,-0.0312891232669984,-0.0312891232669984,96.87108767330017
stock_205,t_0,0,-0.0943434204746845,0.8925684742014337,-0.05560317153858019,"(0.0,0.5,0.0)",0.01,0.01,0.9811313159050631,0.8462842371007169,-0.027801585769290094,0.010669325631513295,-0.042797319901068456,0.004583872245644399,0.008979007849930247,-0.006899118793227294,-0.006899118793227294,99.31008812067728
stock_206,t_0,0,0.008909012734908833,0.7605556802967498,0.8139788082763113,"(0.0,0.5,0.5)",0.01,0.01,1.0017818025469818,0.780277840148375,0.40698940413815565,0.010669325631513295,-0.042797319901068456,0.004583872245644399,0.0010336226305510756,-0.009806254008995334,-0.009806254008995334,99.01937459910046
stock_207,t_0,0,0.7482782924250728,-0.7271895568854564,-0.8861347457932044,"(0.5,-0.5,-0.5)",0.01,0.01,1.1496556584850146,0.03640522155727183,-0.4430673728966022,0.010669325631513295,-0.042797319901068456,0.004583872245644399,-0.004695143533298437,0.013981896904562875,0.013981896904562875,101.39818969045629
stock_208,t_0,0,0.8176803439417196,-0.836291968896787,0.07236586759620446,"(0.5,-0.5,0.0)",0.01,0.01,1.163536068788344,-0.018145984448393493,0.03618293379810223,0.010669325631513295,-0.042797319901068456,0.004583872245644399,0.014329354626707615,0.03768595727598213,0.03768595727598213,103.76859572759822
stock_209,t_0,0,0.739806146634093,-0.827000521945274,0.8124459439452736,"(0.5,-0.5,0.5)",0.01,0.01,1.1479612293268187,-0.013500260972636957,0.4062229719726368,0.010669325631513295,-0.042797319901068456,0.004583872245644399,0.0077920698501661514,0.032479891212568696,0.032479891212568696,103.24798912125688
stock_210,t_0,0,0.8567955324729283,0.028321006750859697,-0.8528247920364886,"(0.5,0.0,-0.5)",0.01,0.01,1.1713591064945856,0.41416050337542987,-0.4264123960182443,0.010669325631513295,-0.042797319901068456,0.004583872245644399,0.008713792260973728,0.011531824498950348,0.011531824498950348,101.15318244989504
stock_211,t_0,0,0.8393751594675183,-0.022477870934525267,0.028086914243513582,"(0.5,0.0,0.0)",0.01,0.01,1.1678750318935036,0.3887610645327374,0.014043457121756791,0.010669325631513295,-0.042797319901068456,0.004583872245644399,0.012153939464516214,0.018040820246147816,0.018040820246147816,101.80408202461477
stock_212,t_0,0,0.8188451900505209,-0.039334145623665134,0.8233465786430618,"(0.5,0.0,0.5)",0.01,0.01,1.1637690380101042,0.38033292718816747,0.4116732893215309,0.010669325631513295,-0.042797319901068456,0.004583872245644399,0.007331652551567572,0.01535811118938267,0.01535811118938267,101.53581111893826
stock_213,t_0,0,0.8468270376785713,0.960952956078913,-0.8544739122471486,"(0.5,0.5,-0.5)",0.01,0.01,1.1693654075357143,0.8804764780394565,-0.4272369561235743,0.010669325631513295,-0.042797319901068456,0.004583872245644399,-0.012500243511709285,-0.02966433631799264,-0.02966433631799264,97.03356636820074
stock_214,t_0,0,0.8433994838663613,0.9127822032969714,-0.12469012056046222,"(0.5,0.5,0.0)",0.01,0.01,1.1686798967732723,0.8563911016484858,-0.06234506028023111,0.010669325631513295,-0.042797319901068456,0.004583872245644399,-0.0037364959880915407,-0.018204495339564412,-0.018204495339564412,98.17955046604357
stock_215,t_0,0,0.720417708141918,0.7536804389930503,0.8181458074299051,"(0.5,0.5,0.5)",0.01,0.01,1.1440835416283837,0.7768402194965252,0.40907290371495253,0.010669325631513295,-0.042797319901068456,0.004583872245644399,0.010182842115880062,0.0010179005151433936,0.0010179005151433936,100.10179005151434
stock_216,t_0,0,-0.6786013931104157,-0.8015179816562803,-0.7525154794991877,"(-0.5,-0.5,-0.5)",0.01,0.03,0.8642797213779169,-0.000758990828140127,-0.37625773974959387,0.010669325631513295,-0.042797319901068456,0.004583872245644399,-0.022616489892310656,-0.005087442745389244,-0.005087442745389244,99.49125572546109
stock_217,t_0,0,-0.838322361041786,-0.9728234258579448,-0.13881830156644323,"(-0.5,-0.5,0.0)",0.01,0.03,0.8323355277916428,-0.08641171292897237,-0.06940915078322162,0.010669325631513295,-0.042797319901068456,0.004583872245644399,0.0015559480683756534,0.023816433890613744,0.023816433890613744,102.38164338906137
stock_218,t_0,0,-0.7638828458596282,-0.813908427449682,0.7470900499312392,"(-0.5,-0.5,0.5)",0.01,0.03,0.8472234308280744,-0.006954213724840952,0.3735450249656196,0.010669325631513295,-0.042797319901068456,0.004583872245644399,0.012374040126629033,0.03342324717466251,0.03342324717466251,103.34232471746625
stock_219,t_0,0,-0.757960759080001,-0.09233729853285463,-0.7569454726078281,"(-0.5,0.0,-0.5)",0.01,0.03,0.8484078481839998,0.3538313507335727,-0.37847273630391404,0.010669325631513295,-0.042797319901068456,0.004583872245644399,0.04368494867468692,0.04585898409524504,0.04585898409524504,104.5858984095245
stock_220,t_0,0,-0.7379195490200415,-0.04588940253337895,-0.06648702228393039,"(-0.5,0.0,0.0)",0.01,0.03,0.8524160901959916,0.37705529873331056,-0.03324351114196519,0.010669325631513295,-0.042797319901068456,0.004583872245644399,0.039399542909067026,0.04220490750055562,0.04220490750055562,104.22049075005557
stock_221,t_0,0,-0.7743403769620942,-0.06571731471783704,0.8767131874318583,"(-0.5,0.0,0.5)",0.01,0.03,0.8451319246075811,0.3671413426410815,0.43835659371592917,0.010669325631513295,-0.042797319901068456,0.004583872245644399,0.027384860892460113,0.032698553731397455,0.032698553731397455,103.26985537313975
stock_222,t_0,0,-0.8967143266778181,0.8734547136158495,-0.819367983386796,"(-0.5,0.5,-0.5)",0.01,0.03,0.8206571346644363,0.8367273568079248,-0.409683991693398,0.010669325631513295,-0.042797319901068456,0.004583872245644399,-0.005164687271025602,-0.02409645650775846,-0.02409645650775846,97.59035434922416
stock_223,t_0,0,-0.8509667025996988,0.7712589190425418,0.01425448619128877,"(-0.5,0.5,0.0)",0.01,0.03,0.8298066594800603,0.785629459521271,0.007127243095644385,0.010669325631513295,-0.042797319901068456,0.004583872245644399,0.027870208346772056,0.013133520876941827,0.013133520876941827,101.31335208769418
stock_224,t_0,0,-0.9385596380000552,0.8084421496650647,0.8012307498463317,"(-0.5,0.5,0.5)",0.01,0.03,0.812288072399989,0.8042210748325324,0.40061537492316585,0.010669325631513295,-0.042797319901068456,0.004583872245644399,0.016262222464804285,0.0023466515033337357,0.0023466515033337357,100.23466515033337
stock_225,t_0,0,0.04070159566733907,-0.900229221310509,-0.7221937116842734,"(0.0,-0.5,-0.5)",0.01,0.03,1.008140319133468,-0.050114610655254466,-0.3610968558421367,0.010669325631513295,-0.042797319901068456,0.004583872245644399,-0.004439370562994817,0.01680635595254408,0.01680635595254408,101.6806355952544
stock_226,t_0,0,-0.018694846366838703,-0.8932900513359877,0.08316472497022785,"(0.0,-0.5,0.0)",0.01,0.03,0.9962610307266323,-0.046645025667993834,0.041582362485113926,0.010669325631513295,-0.042797319901068456,0.004583872245644399,0.04114173122161577,0.0639580548950358,0.0639580548950358,106.39580548950359
stock_227,t_0,0,0.09977586223445907,-0.8362663199984393,0.7715356296410264,"(0.0,-0.5,0.5)",0.01,0.03,1.0199551724468918,-0.018133159999219606,0.3857678148205132,0.010669325631513295,-0.042797319901068456,0.004583872245644399,0.015243098029115568,0.03866969292242025,0.03866969292242025,103.86696929224202
stock_228,t_0,0,0.0009631781187584443,-0.04142470409048736,-0.8437220123865142,"(0.0,0.0,-0.5)",0.01,0.03,1.0001926356237516,0.37928764795475634,-0.4218610061932571,0.010669325631513295,-0.042797319901068456,0.004583872245644399,-0.02227973542404711,-0.01977460626218821,-0.01977460626218821,98.02253937378119
stock_229,t_0,0,0.09350576374074077,0.023514059234030018,0.008723629452022484,"(0.0,0.0,0.0)",0.01,0.03,1.0187011527481482,0.41175702961701505,0.004361814726011242,0.010669325631513295,-0.042797319901068456,0.004583872245644399,0.03838242016632037,0.041649171169618415,0.041649171169618415,104.16491711696185
stock_230,t_0,0,0.02076073177316571,-0.0034853883781502813,0.8754940717332055,"(0.0,0.0,0.5)",0.01,0.03,1.0041521463546332,0.3982573058109249,0.43774703586660274,0.010669325631513295,-0.042797319901068456,0.004583872245644399,-0.0072642124010259225,-0.001588354999391122,-0.001588354999391122,99.84116450006088
stock_231,t_0,0,0.052757407853710504,0.8028169967306575,-0.8186946964774868,"(0.0,0.5,-0.5)",0.01,0.03,1.0105514815707421,0.8014084983653288,-0.4093473482387434,0.010669325631513295,-0.042797319901068456,0.004583872245644399,0.01819385494356791,0.0028012259434587825,0.0028012259434587825,100.28012259434588
stock_232,t_0,0,0.14481646072869894,0.8502959487703441,-0.011151203003291274,"(0.0,0.5,0.0)",0.01,0.03,1.02896329214574,0.8251479743851721,-0.005575601501645637,0.010669325631513295,-0.042797319901068456,0.004583872245644399,-0.045354218482379034,-0.0597155537260592,-0.0597155537260592,94.02844462739408
stock_233,t_0,0,0.12298150516770424,0.8255659532303083,0.7591618845374136,"(0.0,0.5,0.5)",0.01,0.03,1.0245963010335408,0.8127829766151542,0.3795809422687068,0.010669325631513295,-0.042797319901068456,0.004583872245644399,-0.00021263965702535972,-0.012325870594554813,-0.012325870594554813,98.76741294054452
stock_234,t_0,0,0.8654748515894369,-0.8789895689790643,-0.8548333508687062,"(0.5,-0.5,-0.5)",0.01,0.03,1.1730949703178875,-0.03949478448953214,-0.4274166754343531,0.010669325631513295,-0.042797319901068456,0.004583872245644399,-0.028025728738335674,-0.005778549012950579,-0.005778549012950579,99.42214509870495
stock_235,t_0,0,0.8445795231794413,-0.8326060154909063,-0.04580919644490236,"(0.5,-0.5,0.0)",0.01,0.03,1.1689159046358883,-0.016303007745453124,-0.02290459822245118,0.010669325631513295,-0.042797319901068456,0.004583872245644399,-0.028830770430314352,-0.005766492722156895,-0.005766492722156895,99.42335072778431
stock_236,t_0,0,0.7919426047464846,-0.8606025601606183,0.8949711872665712,"(0.5,-0.5,0.5)",0.01,0.03,1.158388520949297,-0.030301280080309134,0.4474855936332856,0.010669325631513295,-0.042797319901068456,0.004583872245644399,-0.0569757588213774,-0.0312685041135721,-0.0312685041135721,96.87314958864279
stock_237,t_0,0,0.7817399873476345,-0.0343331436422952,-0.7026987378022154,"(0.5,0.0,-0.5)",0.01,0.03,1.156347997469527,0.3828334281788524,-0.3513493689011077,0.010669325631513295,-0.042797319901068456,0.004583872245644399,0.06463442479108465,0.06897709280421183,0.06897709280421183,106.89770928042117
stock_238,t_0,0,0.7917741403929568,0.08936506251122069,0.07894393215335728,"(0.5,0.0,0.0)",0.01,0.03,1.1583548280785914,0.44468253125561036,0.03947196607667864,0.010669325631513295,-0.042797319901068456,0.004583872245644399,-0.004171882811499389,-0.0006633040486766248,-0.0006633040486766248,99.93366959513233
stock_239,t_0,0,0.8158349027441635,-0.08516348004932685,0.8521808478648569,"(0.5,0.0,0.5)",0.01,0.03,1.1631669805488327,0.3574182599753366,0.42609042393242846,0.010669325631513295,-0.042797319901068456,0.004583872245644399,0.007466412224033096,0.016533219961083666,0.016533219961083666,101.65332199610837
stock_240,t_0,0,0.8653605088247823,0.8830682689043378,-0.820686345738287,"(0.5,0.5,-0.5)",0.01,0.03,1.1730721017649564,0.841534134452169,-0.4103431728691435,0.010669325631513295,-0.042797319901068456,0.004583872245644399,0.03355475416233075,0.01817427616418202,0.01817427616418202,101.81742761641821
stock_241,t_0,0,0.8972734491170896,0.9084215164231625,-0.06326292245128802,"(0.5,0.5,0.0)",0.01,0.03,1.179454689823418,0.8542107582115812,-0.03163146122564401,0.010669325631513295,-0.042797319901068456,0.004583872245644399,-0.003345098704657256,-0.01746403821063239,-0.01746403821063239,98.25359617893676
stock_242,t_0,0,0.9107692984221438,0.8354725412496462,0.7910553566416297,"(0.5,0.5,0.5)",0.01,0.03,1.1821538596844288,0.8177362706248231,0.39552767832081487,0.010669325631513295,-0.042797319901068456,0.004583872245644399,0.01570891898828052,0.00513783104220567,0.00513783104220567,100.51378310422056
